==== Secondary Structure Definition by the program DSSP, CMBI version by M.L. Hekkelman/2010-10-21 ==== DATE=2016-02-01        .
REFERENCE W. KABSCH AND C.SANDER, BIOPOLYMERS 22 (1983) 2577-2637                                                              .
                                                                                                                               .
COMPND                                                                                                                         .
SOURCE                                                                                                                         .
AUTHOR                                                                                                                         .
  692  2  0  0  0 TOTAL NUMBER OF RESIDUES, NUMBER OF CHAINS, NUMBER OF SS-BRIDGES(TOTAL,INTRACHAIN,INTERCHAIN)                .
 22062.7   ACCESSIBLE SURFACE OF PROTEIN (ANGSTROM**2)                                                                         .
  528 76.3   TOTAL NUMBER OF HYDROGEN BONDS OF TYPE O(I)-->H-N(J)  , SAME NUMBER PER 100 RESIDUES                              .
   60  8.7   TOTAL NUMBER OF HYDROGEN BONDS IN     PARALLEL BRIDGES, SAME NUMBER PER 100 RESIDUES                              .
    6  0.9   TOTAL NUMBER OF HYDROGEN BONDS IN ANTIPARALLEL BRIDGES, SAME NUMBER PER 100 RESIDUES                              .
    0  0.0   TOTAL NUMBER OF HYDROGEN BONDS OF TYPE O(I)-->H-N(I-5), SAME NUMBER PER 100 RESIDUES                              .
    0  0.0   TOTAL NUMBER OF HYDROGEN BONDS OF TYPE O(I)-->H-N(I-4), SAME NUMBER PER 100 RESIDUES                              .
    0  0.0   TOTAL NUMBER OF HYDROGEN BONDS OF TYPE O(I)-->H-N(I-3), SAME NUMBER PER 100 RESIDUES                              .
    0  0.0   TOTAL NUMBER OF HYDROGEN BONDS OF TYPE O(I)-->H-N(I-2), SAME NUMBER PER 100 RESIDUES                              .
    0  0.0   TOTAL NUMBER OF HYDROGEN BONDS OF TYPE O(I)-->H-N(I-1), SAME NUMBER PER 100 RESIDUES                              .
    0  0.0   TOTAL NUMBER OF HYDROGEN BONDS OF TYPE O(I)-->H-N(I+0), SAME NUMBER PER 100 RESIDUES                              .
    0  0.0   TOTAL NUMBER OF HYDROGEN BONDS OF TYPE O(I)-->H-N(I+1), SAME NUMBER PER 100 RESIDUES                              .
   46  6.6   TOTAL NUMBER OF HYDROGEN BONDS OF TYPE O(I)-->H-N(I+2), SAME NUMBER PER 100 RESIDUES                              .
  100 14.5   TOTAL NUMBER OF HYDROGEN BONDS OF TYPE O(I)-->H-N(I+3), SAME NUMBER PER 100 RESIDUES                              .
  260 37.6   TOTAL NUMBER OF HYDROGEN BONDS OF TYPE O(I)-->H-N(I+4), SAME NUMBER PER 100 RESIDUES                              .
   16  2.3   TOTAL NUMBER OF HYDROGEN BONDS OF TYPE O(I)-->H-N(I+5), SAME NUMBER PER 100 RESIDUES                              .
  1  2  3  4  5  6  7  8  9 10 11 12 13 14 15 16 17 18 19 20 21 22 23 24 25 26 27 28 29 30     *** HISTOGRAMS OF ***           .
  0  0  0  4  2  0  2  4  0  2  2  4  2  0  4  0  0  0  4  0  0  0  0  0  0  0  0  0  0  0    RESIDUES PER ALPHA HELIX         .
  4  6  0  0  0  0  2  2  0  0  0  0  0  0  0  0  0  0  0  0  0  0  0  0  0  0  0  0  0  0    PARALLEL BRIDGES PER LADDER      .
  3  0  0  0  0  0  0  0  0  0  0  0  0  0  0  0  0  0  0  0  0  0  0  0  0  0  0  0  0  0    ANTIPARALLEL BRIDGES PER LADDER  .
  0  0  1  0  2  0  0  0  0  0  0  0  0  0  0  0  0  0  0  0  0  0  0  0  0  0  0  0  0  0    LADDERS PER SHEET                .
  #  RESIDUE AA STRUCTURE BP1 BP2  ACC     N-H-->O    O-->H-N    N-H-->O    O-->H-N    TCO  KAPPA ALPHA  PHI   PSI    X-CA   Y-CA   Z-CA 
    1    1 A L     >        0   0   50      0, 0.0     4,-2.1     0, 0.0     5,-0.2   0.000 360.0 360.0 360.0 -41.9   48.4   11.6   14.1
    2    2 A H  H  >  +     0   0   85      2,-0.2     4,-2.3     1,-0.2     5,-0.1   0.943 360.0  49.2 -67.2 -38.8   46.2    9.6   11.8
    3    3 A A  H  > S+     0   0   39      2,-0.2     4,-2.2     1,-0.2    -1,-0.2   0.950 107.1  53.1 -54.5 -60.8   44.0    9.1   14.8
    4    4 A L  H  4 S+     0   0   26      1,-0.3     3,-0.3     2,-0.2    -1,-0.2   0.894 112.0  45.8 -42.0 -55.1   43.9   12.8   15.6
    5    5 A L  H >< S+     0   0   42     -4,-2.1     3,-1.1     1,-0.2    -1,-0.3   0.864 110.8  52.6 -61.3 -39.7   42.9   13.5   12.1
    6    6 A R  H 3< S+     0   0  171     -4,-2.3    -1,-0.2     1,-0.2    -2,-0.2   0.799 105.2  56.9 -68.1 -28.7   40.3   10.8   12.1
    7    7 A D  T 3<  +     0   0   60     -4,-2.2    -1,-0.2    -3,-0.3    -2,-0.2   0.267  69.4 124.4 -88.8   8.5   38.7   12.1   15.3
    8    8 A I    <   -     0   0   17     -3,-1.1   244,-0.2    -5,-0.2     2,-0.1  -0.623  61.5-127.1 -72.3 123.5   37.9   15.7   14.1
    9    9 A P        -     0   0   37      0, 0.0     3,-0.1     0, 0.0    -1,-0.1  -0.371  10.2-120.8 -76.5 150.9   34.2   16.2   14.8
   10   10 A A        -     0   0   77      1,-0.1     2,-0.1    -2,-0.1   267,-0.0  -0.458  42.3 -90.1 -81.6 156.2   31.6   17.3   12.3
   11   11 A P        -     0   0   55      0, 0.0     2,-1.2     0, 0.0    35,-0.2  -0.368  41.5-107.2 -68.6 148.7   29.6   20.4   13.1
   12   12 A D     >  -     0   0   64     33,-3.2     4,-1.8     1,-0.2     3,-0.2  -0.652  32.3-174.8 -80.5  96.4   26.4   19.9   15.0
   13   13 A A  H  > S+     0   0   74     -2,-1.2     4,-1.3     1,-0.2    -1,-0.2   0.789  82.6  56.4 -60.8 -28.7   23.6   20.6   12.5
   14   14 A E  H  > S+     0   0  108      2,-0.2     4,-2.0     1,-0.2    -1,-0.2   0.936 106.7  46.8 -72.1 -43.7   21.0   20.3   15.2
   15   15 A A  H  > S+     0   0    0      1,-0.2     4,-2.1     2,-0.2    -2,-0.2   0.869 111.1  54.0 -64.0 -34.8   22.5   23.0   17.4
   16   16 A M  H  X S+     0   0   56     -4,-1.8     4,-2.2     2,-0.2    -1,-0.2   0.785 106.6  51.6 -67.6 -33.1   22.8   25.2   14.3
   17   17 A A  H  X S+     0   0   62     -4,-1.3     4,-2.2     2,-0.2     5,-0.2   0.924 110.6  46.8 -71.3 -43.2   19.2   24.8   13.4
   18   18 A R  H  X S+     0   0  132     -4,-2.0     4,-2.3     1,-0.2     5,-0.2   0.928 112.3  53.2 -64.4 -37.5   18.1   25.8   16.9
   19   19 A T  H  X S+     0   0    2     -4,-2.1     4,-2.9     1,-0.2     5,-0.2   0.961 107.5  48.8 -60.9 -50.9   20.5   28.7   16.6
   20   20 A Q  H  X S+     0   0   68     -4,-2.2     4,-2.6     1,-0.2    -1,-0.2   0.927 110.5  51.2 -55.4 -47.9   19.1   30.0   13.4
   21   21 A Q  H  X S+     0   0   66     -4,-2.2     4,-1.1     2,-0.2    -1,-0.2   0.915 111.2  48.0 -57.0 -46.9   15.5   29.7   14.7
   22   22 A H  H >< S+     0   0   64     -4,-2.3     3,-0.7     1,-0.2     4,-0.3   0.933 111.3  50.6 -62.0 -44.2   16.4   31.7   17.8
   23   23 A I  H >< S+     0   0    0     -4,-2.9     3,-1.5     1,-0.2    -1,-0.2   0.907 104.8  57.4 -61.0 -41.3   18.2   34.3   15.8
   24   24 A D  H 3< S+     0   0   64     -4,-2.6    -1,-0.2     1,-0.3    -2,-0.2   0.791 103.1  54.4 -62.4 -26.2   15.3   34.8   13.5
   25   25 A G  T << S+     0   0   29     -4,-1.1   313,-2.4    -3,-0.7   314,-0.4   0.364  84.6 119.4 -89.8   6.4   12.9   35.6   16.4
   26   26 A L  B <  S-A  337   0A   0     -3,-1.5     2,-3.3    -4,-0.3   311,-0.3  -0.326  85.2 -87.2 -74.7 157.5   15.1   38.4   17.7
   27   27 A L  S    S+     0   0    5    309,-2.4   415,-0.4   413,-0.2    -1,-0.1  -0.251 100.8  70.7 -60.4  64.9   14.0   42.0   18.0
   28   28 A K  S    S-     0   0    7     -2,-3.3   310,-0.1    -4,-0.2     3,-0.1  -0.970  94.6 -74.8-171.8 162.5   15.0   42.9   14.4
   29   29 A P  S >  S-     0   0   24      0, 0.0     3,-2.5     0, 0.0     4,-0.2  -0.453  70.1 -87.6 -66.1 134.3   14.1   42.4   10.8
   30   30 A P  T 3  S+     0   0   52      0, 0.0    -6,-0.1     0, 0.0    -5,-0.0  -0.195 109.5   3.3 -52.1 132.9   15.2   38.9    9.8
   31   31 A G  T >  S+     0   0   25     -8,-0.1     3,-1.6    -3,-0.1     6,-0.1   0.380  91.0 127.0  72.5   4.4   18.7   38.6    8.5
   32   32 A S  T <   +     0   0    0     -3,-2.5   626,-3.0     1,-0.3   627,-0.3   0.718  67.5  55.4 -63.1 -26.4   19.3   42.3    9.3
   33   33 A L  T >  S-     0   0    0     -4,-0.2     3,-2.0     1,-0.2     4,-0.5   0.245  88.0-177.8 -91.0  11.7   22.5   41.6   11.4
   34   34 A G  T X>  +     0   0   15     -3,-1.6     4,-1.8     1,-0.3     3,-1.3   0.086  62.9  16.9  35.0-115.8   24.0   39.7    8.5
   35   35 A R  H 3> S+     0   0   53    620,-2.7     4,-2.5     1,-0.3    -1,-0.3   0.709 121.0  64.9 -59.6 -20.9   27.4   38.2    9.0
   36   36 A L  H <> S+     0   0    0     -3,-2.0     4,-1.7   619,-0.5    -1,-0.3   0.851 104.8  45.4 -70.5 -32.2   26.9   38.5   12.8
   37   37 A E  H <> S+     0   0    9     -3,-1.3     4,-2.0    -4,-0.5    -2,-0.2   0.941 112.8  49.7 -73.4 -46.7   24.1   36.1   12.5
   38   38 A T  H  X S+     0   0   85     -4,-1.8     4,-2.7     1,-0.2    -2,-0.2   0.907 109.3  52.1 -57.4 -45.5   26.1   33.7   10.3
   39   39 A L  H  X S+     0   0    0     -4,-2.5     4,-3.0     1,-0.2     5,-0.2   0.954 108.3  51.7 -59.2 -47.2   29.0   33.8   12.7
   40   40 A A  H  X S+     0   0    0     -4,-1.7     4,-2.2     1,-0.2    -1,-0.2   0.865 110.4  47.3 -57.4 -41.2   26.7   32.9   15.6
   41   41 A V  H  X S+     0   0   19     -4,-2.0     4,-1.3     2,-0.2    -1,-0.2   0.926 110.7  53.9 -67.2 -41.5   25.2   29.9   13.8
   42   42 A Q  H >< S+     0   0   38     -4,-2.7     3,-0.7     1,-0.2     4,-0.4   0.937 109.7  46.0 -58.3 -48.5   28.7   28.9   12.8
   43   43 A L  H >< S+     0   0    1     -4,-3.0     3,-1.9     1,-0.2    -1,-0.2   0.911 105.9  60.1 -61.4 -41.9   29.9   29.0   16.5
   44   44 A A  H 3< S+     0   0    1     -4,-2.2    -1,-0.2     1,-0.3     7,-0.2   0.796  99.0  59.4 -55.3 -29.1   26.8   27.1   17.6
   45   45 A G  T << S+     0   0    1     -4,-1.3   -33,-3.2    -3,-0.7    -1,-0.3   0.610  81.5 102.2 -76.8 -11.6   27.8   24.2   15.3
   46   46 A M    X   -     0   0    3     -3,-1.9     3,-2.8    -4,-0.4     5,-0.4  -0.672  65.0-149.2 -82.0 109.5   31.2   23.7   17.2
   47   47 A P  G >  S+     0   0   53      0, 0.0     3,-1.4     0, 0.0    -1,-0.1   0.762  94.0  59.0 -48.2 -37.4   31.1   20.8   19.5
   48   48 A G  G 3  S+     0   0   28    206,-2.1   207,-0.1     1,-0.3   206,-0.1   0.592  97.2  67.3 -71.3  -6.0   33.5   22.2   22.1
   49   49 A L  G X  S-     0   0    0     -3,-2.8     3,-0.6   205,-0.4    -1,-0.3   0.463 105.6-121.3 -93.5  -3.2   31.1   25.1   22.5
   50   50 A N  T <   -     0   0  128     -3,-1.4    -2,-0.1    -4,-0.3    -6,-0.1   0.911  64.1 -59.0  67.4  38.1   28.2   23.2   24.0
   51   51 A G  T 3  S+     0   0   16     -5,-0.4    -1,-0.2    -7,-0.2    -7,-0.1   0.602 117.1  71.9  67.8  20.1   25.5   23.9   21.4
   52   52 A T  S <  S-     0   0   24     -3,-0.6     2,-0.6    -6,-0.2    -1,-0.1  -0.988  92.3 -89.9-158.6 149.9   25.5   27.7   21.7
   53   53 A P        +     0   0    0      0, 0.0     2,-0.3     0, 0.0   280,-0.1  -0.526  63.5 157.1 -67.9 112.4   27.6   30.7   20.7
   54   54 A Q        -     0   0   81     -2,-0.6     2,-0.4   111,-0.1    -3,-0.0  -0.960  31.7-161.2-135.2 151.8   29.8   31.1   23.8
   55   55 A V        +     0   0   34     -2,-0.3     3,-0.1   271,-0.1   109,-0.1  -0.920  20.5 159.0-139.9 107.8   33.2   32.7   24.5
   56   56 A G        -     0   0   37      1,-0.4     2,-0.2    -2,-0.4   108,-0.2   0.522  62.7  -8.6 -93.5-114.8   35.1   31.8   27.7
   57   57 A E  E     -b  164   0B 117    106,-2.2   108,-2.8   103,-0.1   109,-1.2  -0.536  67.0-148.3 -84.7 156.6   38.8   32.3   27.8
   58   58 A K  E     -b  166   0B  21     46,-0.4    48,-2.4   106,-0.2     2,-0.4  -0.959  12.8-174.2-125.8 142.7   40.7   33.4   24.8
   59   59 A A  E     -bc 167 106B   1    107,-2.1   109,-1.7    -2,-0.4     2,-0.5  -0.993  15.5-153.9-138.6 141.4   44.3   32.7   23.8
   60   60 A V  E     -bc 168 107B   0     46,-2.9    48,-3.6    -2,-0.4     2,-0.6  -0.973  15.4-156.0-112.3 118.4   46.6   33.8   21.0
   61   61 A L  E     -bc 169 108B   0    107,-2.7   109,-2.1    -2,-0.5     2,-0.6  -0.885   6.3-163.7 -99.7 118.9   49.4   31.3   20.2
   62   62 A V  E     -bc 170 109B   0     46,-3.0    48,-4.2    -2,-0.6     2,-0.6  -0.918   4.2-155.6-108.5 117.7   52.4   32.8   18.6
   63   63 A M  E     -bc 171 110B   0    107,-2.3   109,-1.6    -2,-0.6     2,-0.4  -0.819  13.2-165.1 -95.9 114.8   54.8   30.5   16.8
   64   64 A C  E     +bc 172 111B   0     46,-3.4    48,-2.7    -2,-0.6    49,-0.7  -0.843  20.8 136.8-107.0 143.0   58.3   31.8   16.5
   65   65 A A  E     - c   0 113B   0    107,-2.1    49,-0.3    -2,-0.4     2,-0.2  -0.962  39.6-120.4-176.2 155.0   61.1   30.5   14.3
   66   66 A D        -     0   0    3     47,-2.2    65,-2.0    -2,-0.3     2,-0.4  -0.663  22.5-143.6-101.3 157.3   64.0   31.5   12.0
   67   67 A H  B >   -g  131   0C   2    107,-0.5     3,-1.2    -2,-0.2     4,-0.2  -0.963  14.0-144.1-126.2 141.0   64.4   30.5    8.4
   68   68 A G  G >  S+     0   0   10     63,-0.7     3,-2.1    64,-0.5    65,-0.3   0.809  95.6  75.6 -69.0 -27.5   67.6   29.7    6.4
   69   69 A V  G > >S+     0   0    2     63,-0.5     3,-2.2     1,-0.3     5,-0.6   0.673  73.3  83.3 -59.5 -13.6   66.1   31.4    3.4
   70   70 A W  G X 5S+     0   0   52     -3,-1.2     3,-1.9     1,-0.3     5,-0.4   0.885  77.8  67.2 -55.0 -38.1   66.9   34.7    5.1
   71   71 A D  G < 5S+     0   0  116     -3,-2.1    -1,-0.3     1,-0.3    -2,-0.2   0.596  84.6  74.0 -61.4  -9.7   70.5   34.3    3.7
   72   72 A E  G < 5S-     0   0   51     -3,-2.2    -1,-0.3    -4,-0.2    -2,-0.2   0.346 114.7-110.7 -85.7   4.6   69.0   34.8    0.3
   73   73 A G  T < 5S+     0   0   48     -3,-1.9    -2,-0.1     2,-0.1    -3,-0.1   0.799  78.7 131.9  71.1  29.3   68.5   38.5    0.9
   74   74 A V      < +     0   0    4     -5,-0.6     2,-0.4    -4,-0.4    -4,-0.1   0.485  61.9  50.1 -89.3  -7.3   64.7   38.2    1.0
   75   75 A A        -     0   0   21     -5,-0.4    -1,-0.1     1,-0.1    -2,-0.1  -0.988  55.5-162.4-138.1 132.2   64.2   40.2    4.2
   76   76 A V        +     0   0   52     -2,-0.4    -1,-0.1   124,-0.2   125,-0.1   0.643  66.5  96.2 -87.7 -11.7   65.4   43.5    5.4
   77   77 A S  S    S-     0   0   13      1,-0.1   615,-0.1   615,-0.1    -2,-0.1  -0.594  89.1-103.8 -74.6 136.9   64.8   43.0    9.1
   78   78 A P    >   -     0   0   44      0, 0.0     3,-1.5     0, 0.0     4,-0.3  -0.264  26.7-122.0 -58.1 146.8   67.9   41.9   10.9
   79   79 A K  T >  S+     0   0   39      1,-0.3     3,-1.5     2,-0.2     4,-0.4   0.864 107.7  65.5 -58.5 -38.6   67.7   38.1   11.8
   80   80 A I  T >> S+     0   0  115      1,-0.3     4,-2.4     2,-0.2     3,-0.6   0.694  78.7  83.8 -55.3 -28.0   68.1   38.8   15.5
   81   81 A V  H <> S+     0   0   15     -3,-1.5     4,-3.6     1,-0.2     5,-0.4   0.841  82.7  61.2 -49.4 -36.9   64.7   40.5   15.6
   82   82 A T  H <> S+     0   0    0     -3,-1.5     4,-1.9    -4,-0.3    -1,-0.2   0.947 110.2  38.9 -55.1 -51.5   63.0   37.2   15.9
   83   83 A A  H <> S+     0   0   17     -3,-0.6     4,-2.1    -4,-0.4    -2,-0.2   0.888 119.5  48.3 -63.5 -44.6   64.7   36.4   19.2
   84   84 A I  H  X S+     0   0   47     -4,-2.4     4,-2.3     2,-0.2    -2,-0.2   0.944 114.1  43.9 -61.4 -54.3   64.4   40.0   20.3
   85   85 A Q  H  X S+     0   0   10     -4,-3.6     4,-1.7     2,-0.2    -1,-0.2   0.839 110.3  57.4 -62.4 -36.0   60.7   40.4   19.5
   86   86 A A  H  X S+     0   0    0     -4,-1.9     4,-0.7    -5,-0.4     3,-0.4   0.954 107.5  47.3 -61.7 -44.6   60.1   36.9   21.1
   87   87 A A  H >X S+     0   0   13     -4,-2.1     3,-1.5     1,-0.2     4,-0.6   0.931 108.4  55.6 -60.6 -45.3   61.6   38.2   24.3
   88   88 A N  H >X>S+     0   0    6     -4,-2.3     3,-1.5     1,-0.3     5,-1.2   0.820  94.9  67.2 -55.9 -34.2   59.5   41.3   24.1
   89   89 A M  H 3<5S+     0   0    8     -4,-1.7     3,-0.5    -3,-0.4    -1,-0.3   0.837  96.8  55.9 -56.6 -32.0   56.4   39.1   23.8
   90   90 A T  H <<5S+     0   0   63     -3,-1.5    -1,-0.3    -4,-0.7    -2,-0.2   0.720 107.2  49.0 -72.6 -20.3   57.1   38.2   27.4
   91   91 A R  H <<5S-     0   0  157     -3,-1.5    -1,-0.2    -4,-0.6    -2,-0.2   0.565 106.6-123.8 -96.1  -8.3   57.1   41.8   28.4
   92   92 A G  T  <5S+     0   0   35     -4,-0.9    -3,-0.2    -3,-0.5    -2,-0.1   0.767  77.2 116.6  73.6  29.5   53.7   42.7   26.7
   93   93 A T      < +     0   0   37     -5,-1.2   590,-2.1   589,-0.1   281,-0.2   0.519  47.9 100.8-104.4  -6.4   55.1   45.5   24.6
   94   94 A T  S  > S-     0   0    0     -6,-0.4     4,-2.6   588,-0.2     5,-0.2  -0.257  84.9-109.3 -76.1 163.9   54.4   44.0   21.2
   95   95 A G  H  > S+     0   0    0    279,-0.4     4,-2.5     1,-0.2     5,-0.2   0.946 120.0  46.8 -56.8 -47.9   51.5   44.8   18.9
   96   96 A V  H  > S+     0   0    0      1,-0.2     4,-2.4     2,-0.2    -1,-0.2   0.877 111.0  52.6 -64.0 -36.1   49.8   41.5   19.6
   97   97 A C  H  > S+     0   0   14      2,-0.2     4,-2.1     1,-0.2    -1,-0.2   0.893 111.0  47.2 -63.3 -43.7   50.3   41.8   23.3
   98   98 A V  H  X S+     0   0    5     -4,-2.6     4,-1.5     2,-0.2    -2,-0.2   0.937 115.9  42.9 -64.2 -48.0   48.7   45.2   23.2
   99   99 A L  H  X S+     0   0    4     -4,-2.5     4,-1.5     2,-0.2    -2,-0.2   0.837 113.0  52.5 -68.1 -37.4   45.7   44.2   21.1
  100  100 A A  H  <>S+     0   0    1     -4,-2.4     5,-2.8    -5,-0.2     4,-0.5   0.914 107.2  51.9 -66.2 -42.9   45.2   40.9   23.0
  101  101 A A  H ><5S+     0   0   72     -4,-2.1     3,-0.8     1,-0.3    -1,-0.2   0.878 108.5  52.7 -58.1 -39.9   45.2   42.8   26.4
  102  102 A Q  H 3<5S+     0   0   89     -4,-1.5    -1,-0.3     1,-0.2    -2,-0.2   0.865 112.2  44.6 -63.4 -36.4   42.6   45.0   24.8
  103  103 A A  T 3<5S-     0   0    7     -4,-1.5    -1,-0.2    -3,-0.2    -2,-0.2   0.364 114.4-115.7 -88.3   0.6   40.5   41.9   23.9
  104  104 A G  T < 5S+     0   0   46     -3,-0.8   -46,-0.4    -4,-0.5     2,-0.2   0.771  71.1 137.0  69.6  24.4   41.0   40.2   27.3
  105  105 A A      < -     0   0   14     -5,-2.8     2,-0.4    -6,-0.1   -46,-0.2  -0.644  51.6-126.1-101.8 158.6   43.0   37.4   25.7
  106  106 A K  E     -c   59   0B  51    -48,-2.4   -46,-2.9    -2,-0.2     2,-0.5  -0.878  18.7-135.3-105.9 139.2   46.2   35.7   26.8
  107  107 A V  E     -c   60   0B  39     -2,-0.4     2,-0.6   -48,-0.2   -46,-0.2  -0.805  12.3-164.4 -97.1 125.4   49.3   35.4   24.6
  108  108 A H  E     -c   61   0B  45    -48,-3.6   -46,-3.0    -2,-0.5     2,-0.5  -0.926   9.3-156.5-107.6 110.7   51.2   32.1   24.4
  109  109 A V  E     -c   62   0B  11     -2,-0.6    14,-2.1    12,-0.2     2,-0.5  -0.784  11.4-166.6 -87.4 124.3   54.7   32.6   22.8
  110  110 A I  E     -cd  63 123B   0    -48,-4.2   -46,-3.4    -2,-0.5     2,-0.9  -0.936  14.5-151.3-120.1 122.5   56.0   29.4   21.4
  111  111 A D  E     +cd  64 124B   2     12,-3.2    14,-2.8    -2,-0.5   -46,-0.2  -0.776  27.2 160.0 -87.7 110.6   59.5   28.8   20.3
  112  112 A V  E    S-     0   0B   0    -48,-2.7    15,-1.7    -2,-0.9    16,-0.4   0.358  79.2 -19.4-108.8   2.7   59.5   26.3   17.5
  113  113 A G  E    S+c   65   0B   0    -49,-0.7   -47,-2.2    13,-0.2    17,-0.9   0.416  71.0 166.4 161.5  39.6   62.9   27.0   16.0
  114  114 A I        -     0   0    0    -49,-0.3     2,-1.7   -50,-0.3    59,-0.0  -0.566  39.0-128.2 -73.9 135.8   64.5   30.4   16.8
  115  115 A D  S    S+     0   0   66     14,-0.2     2,-0.3    -2,-0.2   -32,-0.1  -0.596  80.2  67.8 -86.5  75.6   68.2   30.6   15.9
  116  116 A A  S    S-     0   0   21     -2,-1.7     3,-0.1   -34,-0.1    14,-0.1  -0.954  96.1 -61.0-173.5 173.3   69.4   31.9   19.2
  117  117 A E  S    S-     0   0  151     -2,-0.3    -3,-0.0     1,-0.1    -2,-0.0  -0.339  73.8 -78.4 -67.3 158.3   69.7   30.7   22.8
  118  118 A P        -     0   0   81      0, 0.0    -1,-0.1     0, 0.0     6,-0.0  -0.218  42.8-130.8 -57.2 142.0   66.5   29.7   24.6
  119  119 A I    >   -     0   0   24     -3,-0.1     3,-2.2     4,-0.1    -8,-0.1  -0.851  18.1-129.1-101.6 115.6   64.4   32.6   25.8
  120  120 A P  T 3  S+     0   0  117      0, 0.0     3,-0.1     0, 0.0   -30,-0.1  -0.380  95.5  31.5 -61.3 134.7   63.3   32.2   29.4
  121  121 A G  T 3  S+     0   0   73      1,-0.4     2,-0.3    -2,-0.0   -12,-0.2   0.138  97.4 105.3 104.1 -19.8   59.6   32.7   29.6
  122  122 A V  S <  S-     0   0   16     -3,-2.2    -1,-0.4   -14,-0.1     2,-0.3  -0.756  79.8-110.0 -95.8 140.2   58.9   31.3   26.2
  123  123 A V  E     -d  110   0B  39    -14,-2.1   -12,-3.2    -2,-0.3     2,-0.8  -0.531  35.0-135.4 -71.1 125.9   57.5   27.8   25.7
  124  124 A N  E     +d  111   0B  95     -2,-0.3   -12,-0.1   -14,-0.2    -1,-0.1  -0.769  52.7 136.0 -92.9 113.4   60.2   25.6   24.3
  125  125 A M        +     0   0   18    -14,-2.8    -1,-0.1    -2,-0.8     2,-0.1  -0.131  32.0 167.5-137.3  31.0   59.3   23.3   21.4
  126  126 A R        -     0   0   57      1,-0.1   -13,-0.2   -13,-0.0   -14,-0.2  -0.268  21.6-175.0 -55.8 124.1   62.4   24.1   19.4
  127  127 A V        -     0   0   46    -15,-1.7     2,-0.3     1,-0.4   -14,-0.2   0.957  68.8 -32.2 -82.1 -48.4   62.9   21.8   16.5
  128  128 A A  S    S-     0   0   40    -16,-0.4     2,-2.1     0, 0.0    -1,-0.4  -0.936  75.3 -77.7-160.1 167.5   66.2   23.3   15.5
  129  129 A R  S    S-     0   0  136     -2,-0.3   -14,-0.2    -3,-0.1   -15,-0.2  -0.533 106.9 -33.2 -76.1  80.3   68.1   26.6   15.5
  130  130 A G  S    S-     0   0   10     -2,-2.1   -63,-0.2   -17,-0.9     2,-0.1   0.126  82.3 -89.5  84.5 156.3   66.2   27.8   12.4
  131  131 A C  B     -g   67   0C  11    -65,-2.0   -63,-0.7     1,-0.2     9,-0.2  -0.462  50.7 -77.4 -96.5 174.5   64.9   25.7    9.5
  132  132 A G        -     0   0   32      7,-2.7     2,-0.8    -2,-0.1   -64,-0.5  -0.250  51.2 -97.0 -68.0 157.8   66.7   24.8    6.2
  133  133 A N    >>  -     0   0   32    -65,-0.3     3,-2.0     1,-0.2     4,-0.8  -0.644  30.6-155.7 -78.0 106.0   67.1   27.2    3.4
  134  134 A I  T 34 S+     0   0    2     -2,-0.8    87,-0.2     1,-0.3    -1,-0.2   0.703  85.0  75.7 -59.2 -18.4   64.2   26.3    1.1
  135  135 A A  T 34 S+     0   0    0      1,-0.2    -1,-0.3     3,-0.1    85,-0.1   0.791 111.0  21.7 -64.1 -27.3   66.1   27.8   -1.7
  136  136 A V  T <4 S-     0   0   98     -3,-2.0    -1,-0.2     1,-0.2    -2,-0.2   0.353 134.2 -22.9-124.2   5.8   68.5   24.8   -1.9
  137  137 A G  S  < S-     0   0   12     -4,-0.8    -1,-0.2    -3,-0.1    84,-0.2  -0.959  91.4 -34.1 174.0-168.2   66.6   22.0   -0.3
  138  138 A P        -     0   0   73      0, 0.0    96,-0.2     0, 0.0    97,-0.2  -0.364  38.8-131.5 -77.3 156.1   63.9   21.3    2.2
  139  139 A A  S    S-     0   0    5     95,-1.5    -7,-2.7    94,-0.7     2,-0.3   0.851  83.3 -32.9 -69.7 -35.0   63.0   23.2    5.2
  140  140 A M  S    S-     0   0   15     93,-2.0     2,-0.2    -9,-0.2    -1,-0.2  -0.952  75.8 -69.4-168.3-177.8   63.0   20.1    7.3
  141  141 A S     >  -     0   0   51     -2,-0.3     4,-2.0     1,-0.1     5,-0.2  -0.605  39.6-119.4 -89.2 153.7   62.2   16.3    7.3
  142  142 A R  H  > S+     0   0   93      1,-0.2     4,-2.6    -2,-0.2     5,-0.2   0.894 116.6  55.6 -55.6 -41.6   58.7   14.9    7.0
  143  143 A L  H  > S+     0   0  131      1,-0.2     4,-2.3     2,-0.2    -1,-0.2   0.925 104.9  51.2 -55.0 -50.3   59.2   13.3   10.4
  144  144 A Q  H  > S+     0   0   77      1,-0.2     4,-2.2     2,-0.2    -1,-0.2   0.881 110.6  49.6 -56.6 -42.6   60.1   16.7   11.9
  145  145 A A  H  X S+     0   0    0     -4,-2.0     4,-2.4     1,-0.2    -1,-0.2   0.920 111.5  46.9 -64.7 -44.7   57.0   18.2   10.5
  146  146 A E  H  X S+     0   0   59     -4,-2.6     4,-2.3     2,-0.2    -2,-0.2   0.859 110.8  52.7 -66.3 -37.1   54.6   15.5   11.7
  147  147 A A  H  X S+     0   0   57     -4,-2.3     4,-2.7    -5,-0.2    -1,-0.2   0.951 111.4  45.5 -64.4 -47.8   56.1   15.5   15.2
  148  148 A L  H  X S+     0   0    9     -4,-2.2     4,-3.6     2,-0.2     5,-0.4   0.911 110.6  53.1 -63.1 -43.8   55.7   19.2   15.6
  149  149 A L  H  X S+     0   0    0     -4,-2.4     4,-3.2     1,-0.2    -1,-0.2   0.964 112.9  46.3 -50.9 -52.3   52.1   19.1   14.2
  150  150 A L  H  X S+     0   0   72     -4,-2.3     4,-1.9     1,-0.2    -2,-0.2   0.911 114.5  45.8 -55.1 -51.8   51.4   16.4   16.8
  151  151 A E  H  X S+     0   0  114     -4,-2.7     4,-2.1     2,-0.2    -2,-0.2   0.926 116.7  43.1 -64.2 -46.0   53.1   18.3   19.6
  152  152 A V  H  X S+     0   0    1     -4,-3.6     4,-2.8     1,-0.2    -2,-0.2   0.941 110.4  57.8 -65.9 -43.8   51.5   21.6   18.9
  153  153 A S  H  X S+     0   0    5     -4,-3.2     4,-1.8    -5,-0.4    -1,-0.2   0.883 110.1  44.4 -47.4 -48.9   48.1   19.9   18.3
  154  154 A R  H  X S+     0   0   62     -4,-1.9     4,-2.2     2,-0.2    -1,-0.2   0.900 109.9  52.8 -67.7 -46.1   48.2   18.5   21.8
  155  155 A Y  H  X S+     0   0   67     -4,-2.1     4,-1.2     1,-0.2    -2,-0.2   0.928 109.9  52.1 -55.5 -43.2   49.3   21.7   23.5
  156  156 A A  H >X S+     0   0    0     -4,-2.8     4,-0.9     1,-0.2     3,-0.5   0.921 110.8  43.6 -59.5 -48.8   46.4   23.4   21.8
  157  157 A C  H 3X S+     0   0   31     -4,-1.8     4,-1.1     1,-0.2    -1,-0.2   0.825 106.2  63.2 -68.8 -32.1   43.7   21.0   22.9
  158  158 A D  H 3< S+     0   0   54     -4,-2.2    -1,-0.2     1,-0.2     3,-0.2   0.852  97.3  56.9 -62.8 -31.8   45.1   20.9   26.4
  159  159 A L  H X<>S+     0   0   23     -4,-1.2     3,-2.4    -3,-0.5     5,-1.6   0.850  96.7  62.9 -65.5 -36.4   44.4   24.6   26.8
  160  160 A A  H ><5S+     0   0   25     -4,-0.9     3,-1.9     1,-0.3    -1,-0.2   0.898  96.3  60.0 -53.5 -38.7   40.8   23.8   26.0
  161  161 A Q  T 3<5S+     0   0  181     -4,-1.1    -1,-0.3     1,-0.3    -2,-0.2   0.600 100.3  55.3 -65.5 -14.5   40.8   21.8   29.2
  162  162 A R  T < 5S-     0   0   84     -3,-2.4    -1,-0.3    -4,-0.2    -2,-0.2   0.296 132.4 -84.6-102.5   4.6   41.8   24.9   31.1
  163  163 A G  T < 5S+     0   0   35     -3,-1.9  -106,-2.2     1,-0.3     2,-0.3   0.388  79.8 142.3 108.1  -0.3   38.8   27.0   29.9
  164  164 A V  E   < +b   57   0B  13     -5,-1.6    -1,-0.3  -108,-0.2  -106,-0.2  -0.592  11.8 162.7 -75.3 132.9   40.0   28.3   26.5
  165  165 A T  E     +     0   0B  22   -108,-2.8     2,-0.4    -2,-0.3  -107,-0.2   0.460  61.0  49.8-125.1  -9.8   37.2   28.4   24.0
  166  166 A L  E     -b   58   0B   1   -109,-1.2  -107,-2.1    89,-0.1     2,-0.3  -0.992  65.0-166.4-138.2 124.7   38.6   30.7   21.3
  167  167 A F  E     -be  59 257B   0     89,-2.0    91,-3.2    -2,-0.4     2,-0.3  -0.795   7.9-165.3-113.9 157.6   42.0   30.6   19.8
  168  168 A G  E     -be  60 258B   0   -109,-1.7  -107,-2.7    -2,-0.3     2,-0.4  -0.959  14.7-150.7-134.2 141.3   43.9   33.1   17.7
  169  169 A V  E     +b   61   0B   0     89,-1.6     2,-0.3    -2,-0.3   149,-0.2  -0.918  24.0 149.2-121.0 144.9   46.9   32.0   15.7
  170  170 A G  E     -b   62   0B   0   -109,-2.1  -107,-2.3    -2,-0.4     2,-0.3  -0.963  22.7-141.0-159.9 177.7   50.0   34.0   14.8
  171  171 A E  E     -b   63   0B  15     -2,-0.3   143,-0.8  -109,-0.3     2,-0.3  -0.855   7.4-157.2-141.1 175.8   53.8   33.9   14.0
  172  172 A L  E     +b   64   0B   9   -109,-1.6  -107,-2.1    -2,-0.3     2,-0.2  -0.854  38.1 126.6-156.5 112.1   57.1   35.7   14.4
  173  173 A G    >   -     0   0    3     -2,-0.3     3,-2.3  -109,-0.2     4,-0.2  -0.586  52.6-122.5-176.1 110.6   59.9   35.0   11.9
  174  174 A M  T 3  S+     0   0   21    -95,-0.3  -107,-0.5     1,-0.3  -104,-0.2  -0.330 101.6  17.0 -58.0 137.5   62.1   37.2    9.8
  175  175 A A  T >  S+     0   0   10   -101,-0.1     3,-1.5  -109,-0.1    -1,-0.3   0.460  85.5 130.6  78.3   5.6   61.8   36.3    6.2
  176  176 A N  T <>  +     0   0   11     -3,-2.3     4,-1.7     1,-0.3     5,-0.1   0.701  55.4  71.9 -66.6 -18.1   58.7   34.2    6.7
  177  177 A T  H 3> S+     0   0   24      1,-0.2     4,-1.9    -4,-0.2    -1,-0.3   0.703  90.9  64.5 -69.9 -12.7   56.7   35.8    3.9
  178  178 A T  H <> S+     0   0    0     -3,-1.5     4,-2.3     2,-0.2    -1,-0.2   0.981 105.6  37.2 -72.4 -56.4   58.9   33.9    1.5
  179  179 A P  H  > S+     0   0    1      0, 0.0     4,-2.5     0, 0.0    -2,-0.2   0.857 114.6  59.7 -62.7 -32.9   57.9   30.3    2.5
  180  180 A A  H  X S+     0   0    0     -4,-1.7     4,-2.7     1,-0.2    -2,-0.2   0.944 108.0  44.7 -58.7 -48.7   54.3   31.7    2.9
  181  181 A A  H  X S+     0   0    0     -4,-1.9     4,-2.9     1,-0.2    -1,-0.2   0.899 110.6  52.8 -65.0 -40.8   54.3   32.7   -0.7
  182  182 A A  H  X S+     0   0    0     -4,-2.3     4,-2.2     2,-0.2    -1,-0.2   0.922 111.0  47.9 -62.6 -40.6   55.9   29.5   -1.9
  183  183 A M  H  X S+     0   0    0     -4,-2.5     4,-2.6    52,-0.3     5,-0.4   0.964 111.8  49.5 -62.2 -50.9   53.2   27.5   -0.2
  184  184 A V  H  X S+     0   0    0     -4,-2.7     4,-2.0     1,-0.2     6,-0.5   0.920 109.8  51.2 -53.7 -47.6   50.5   29.7   -1.6
  185  185 A S  H  X>S+     0   0   13     -4,-2.9     4,-2.2    -5,-0.2     5,-0.6   0.936 113.4  45.9 -55.5 -47.3   51.8   29.4   -5.0
  186  186 A V  H  <5S+     0   0   18     -4,-2.2    -2,-0.2    -5,-0.2    -1,-0.2   0.965 117.4  38.9 -62.2 -58.2   51.9   25.6   -4.7
  187  187 A F  H  <5S+     0   0   30     -4,-2.6    -1,-0.2     1,-0.2    -2,-0.2   0.807 126.4  37.7 -63.1 -33.2   48.5   24.9   -3.2
  188  188 A T  H  <5S-     0   0   18     -4,-2.0    -1,-0.2    -5,-0.4    -2,-0.2   0.706  99.7-130.2 -93.1 -26.9   46.8   27.5   -5.3
  189  189 A G  T  <5 +     0   0   66     -4,-2.2     2,-0.3    -5,-0.4    -3,-0.2   0.708  56.3 144.4  80.7  19.8   48.7   27.1   -8.6
  190  190 A S      < -     0   0   26     -5,-0.6    -1,-0.3    -6,-0.5    -2,-0.1  -0.657  56.4-106.0 -89.3 151.2   49.4   30.8   -8.9
  191  191 A D    >>  -     0   0   90     -2,-0.3     3,-0.8     1,-0.1     4,-0.6  -0.421  32.1-113.4 -69.2 151.9   52.7   31.9  -10.4
  192  192 A A  H >> S+     0   0    3      1,-0.3     4,-1.7     2,-0.2     3,-1.2   0.845 113.1  62.5 -54.4 -40.8   55.1   33.3   -7.8
  193  193 A K  H 34 S+     0   0   41      1,-0.3    -1,-0.3     2,-0.2     3,-0.2   0.891 101.2  52.4 -55.0 -40.2   54.9   36.8   -9.2
  194  194 A E  H <4 S+     0   0   43     -3,-0.8    -1,-0.3     1,-0.2    -2,-0.2   0.676 119.1  34.1 -71.2 -15.5   51.3   37.0   -8.4
  195  195 A V  H << S+     0   0    0     -3,-1.2    97,-0.6    -4,-0.6     2,-0.5   0.527  87.5 105.9-120.4  -6.9   51.7   36.0   -4.8
  196  196 A V     <  -     0   0    5     -4,-1.7     2,-0.1    -3,-0.2    15,-0.1  -0.716  51.1-173.2 -83.5 121.2   55.1   37.5   -3.8
  197  197 A G        -     0   0    3     -2,-0.5    93,-0.1   -20,-0.2    -2,-0.1  -0.409  39.2-102.7-107.1-178.1   54.7   40.5   -1.5
  198  198 A I     >  -     0   0   48      1,-0.2     4,-3.0    -2,-0.1    92,-0.1   0.620  50.3-174.7 -80.6 -13.7   56.7   43.3    0.1
  199  199 A G  T  4  +     0   0    7      1,-0.2     2,-2.6     2,-0.2    -1,-0.2  -0.175  67.6   1.7  53.1-140.8   56.6   41.6    3.5
  200  200 A A  T  4 S-     0   0   39      1,-0.2  -124,-0.2  -123,-0.0    -1,-0.2  -0.357 131.5 -59.4 -78.6  69.0   58.2   43.7    6.1
  201  201 A N  T  4 S-     0   0   62     -2,-2.6    -1,-0.2     1,-0.2    -2,-0.2   0.895  72.0-178.8  64.5  45.0   59.0   46.7    3.8
  202  202 A L     <  -     0   0   15     -4,-3.0    -1,-0.2     1,-0.1     5,-0.1  -0.612  36.8-106.3 -74.6 130.9   61.2   44.9    1.3
  203  203 A P    >   -     0   0   70      0, 0.0     3,-2.0     0, 0.0     4,-0.5  -0.283  22.9-121.4 -59.0 141.4   62.3   47.6   -1.2
  204  204 A P  G >  S+     0   0   86      0, 0.0     3,-0.8     0, 0.0     4,-0.5   0.780 111.7  61.5 -52.9 -31.0   60.6   47.2   -4.6
  205  205 A S  G 3  S+     0   0  111      1,-0.2     4,-0.3     2,-0.2     3,-0.2   0.761 102.1  51.3 -68.5 -26.6   64.0   46.8   -6.2
  206  206 A R  G <> S+     0   0   28     -3,-2.0     4,-1.5     1,-0.2    -1,-0.2   0.477  86.0  90.8 -90.2  -4.0   64.6   43.6   -4.2
  207  207 A I  H X> S+     0   0   37     -3,-0.8     4,-1.9    -4,-0.5     3,-0.9   0.959  78.9  56.7 -53.2 -58.8   61.3   42.1   -5.1
  208  208 A D  H 3> S+     0   0  132     -4,-0.5     4,-2.3     1,-0.3    -1,-0.2   0.817 104.4  53.1 -44.0 -43.3   62.5   40.3   -8.2
  209  209 A N  H 3> S+     0   0   66     -4,-0.3     4,-2.2    -3,-0.2    -1,-0.3   0.918 106.3  54.0 -64.2 -37.6   65.1   38.5   -6.2
  210  210 A K  H <X S+     0   0    2     -4,-1.5     4,-1.6    -3,-0.9    -2,-0.2   0.906 107.8  49.9 -62.6 -39.0   62.4   37.3   -3.8
  211  211 A V  H  X S+     0   0   10     -4,-1.9     4,-2.3     1,-0.2     3,-0.3   0.959 109.4  50.4 -65.9 -46.7   60.3   35.9   -6.7
  212  212 A D  H  X S+     0   0   40     -4,-2.3     4,-2.5     1,-0.2    -1,-0.2   0.896 107.4  55.0 -56.4 -42.0   63.3   34.0   -8.1
  213  213 A V  H  X S+     0   0    0     -4,-2.2     4,-2.2     1,-0.2    -1,-0.2   0.876 108.2  49.1 -60.3 -37.8   64.0   32.5   -4.7
  214  214 A V  H  X S+     0   0    0     -4,-1.6     4,-2.1    -3,-0.3    -2,-0.2   0.934 110.4  49.0 -68.5 -45.7   60.4   31.2   -4.5
  215  215 A R  H  X S+     0   0  113     -4,-2.3     4,-2.8     1,-0.2    -2,-0.2   0.900 111.8  50.9 -59.5 -39.5   60.5   29.6   -7.9
  216  216 A R  H  X S+     0   0   89     -4,-2.5     4,-3.1     2,-0.2     5,-0.3   0.907 106.5  53.5 -64.0 -43.6   63.8   28.0   -7.0
  217  217 A A  H  X S+     0   0    0     -4,-2.2     4,-2.0     1,-0.2     5,-0.2   0.915 114.8  41.8 -55.7 -46.7   62.4   26.6   -3.7
  218  218 A I  H  X S+     0   0   36     -4,-2.1     4,-2.9     2,-0.2    -2,-0.2   0.924 113.7  51.3 -68.4 -47.7   59.6   25.0   -5.6
  219  219 A A  H  < S+     0   0   63     -4,-2.8    -2,-0.2    -5,-0.2    -3,-0.2   0.944 116.1  41.1 -55.3 -49.8   61.8   23.8   -8.5
  220  220 A I  H  < S+     0   0   92     -4,-3.1    -1,-0.2     1,-0.2    -2,-0.2   0.884 121.8  38.5 -68.5 -41.9   64.3   22.2   -6.3
  221  221 A N  H  < S-     0   0   13     -4,-2.0    -2,-0.2    -5,-0.3    -1,-0.2   0.775  81.2-155.5 -84.6 -28.8   61.9   20.6   -3.8
  222  222 A Q     <  -     0   0  130     -4,-2.9    -3,-0.1    -5,-0.2    -4,-0.1   0.954  20.5-159.2  52.5  51.4   59.1   19.6   -6.1
  223  223 A P        -     0   0   12      0, 0.0    -1,-0.1     0, 0.0     8,-0.1  -0.379  16.4-119.6 -65.2 143.3   56.5   19.7   -3.3
  224  224 A N    >   -     0   0   75      3,-0.2     3,-2.7     1,-0.2     7,-0.4  -0.753  17.2-159.6 -90.4 107.8   53.4   17.7   -3.8
  225  225 A P  T 3  S+     0   0   61      0, 0.0    -1,-0.2     0, 0.0     3,-0.1   0.685  91.5  60.2 -56.5 -23.2   50.4   20.1   -3.7
  226  226 A R  T 3  S+     0   0   71      1,-0.2     2,-0.5    -3,-0.0    -2,-0.1   0.486  99.6  62.1 -87.2   0.8   48.1   17.2   -3.0
  227  227 A D    <>  -     0   0   42     -3,-2.7     4,-1.9     1,-0.1     3,-0.5  -0.873  63.5-169.2-129.4  99.3   50.0   16.4    0.2
  228  228 A G  H  > S+     0   0    2     -2,-0.5     4,-2.4     1,-0.2     5,-0.2   0.792  89.0  52.1 -57.1 -35.9   50.0   19.3    2.8
  229  229 A I  H  > S+     0   0    8      2,-0.2     4,-2.3     1,-0.2    -1,-0.2   0.871 109.0  52.2 -70.0 -33.5   52.6   17.7    5.0
  230  230 A D  H  > S+     0   0   26     -3,-0.5     4,-1.7    -6,-0.2     5,-0.2   0.905 111.5  45.4 -65.9 -44.8   54.9   17.4    2.0
  231  231 A V  H  X S+     0   0    0     -4,-1.9     4,-2.2    -7,-0.4     5,-0.5   0.931 113.5  49.3 -66.0 -47.4   54.5   21.0    1.1
  232  232 A L  H  X S+     0   0    0     -4,-2.4     4,-1.2     1,-0.2    -2,-0.2   0.899 112.8  46.5 -58.3 -47.0   54.9   22.2    4.6
  233  233 A S  H  < S+     0   0    5     -4,-2.3   -93,-2.0    -5,-0.2   -94,-0.7   0.837 119.5  40.2 -69.2 -30.2   58.1   20.2    5.2
  234  234 A K  H  < S+     0   0   46     -4,-1.7   -95,-1.5   -96,-0.2    -2,-0.2   0.972 136.0   7.4 -82.0 -62.3   59.7   21.2    1.9
  235  235 A V  H  < S+     0   0    0     -4,-2.2   -52,-0.3    -5,-0.2   -53,-0.2   0.250 115.4  78.8-110.0  11.6   58.9   24.8    1.4
  236  236 A G     <  -     0   0    0     -4,-1.2     2,-0.3    -5,-0.5  -102,-0.1   0.253  68.4-132.5 -91.4-142.1   57.3   25.7    4.7
  237  237 A G     >  -     0   0    0    -58,-0.1     4,-2.1  -170,-0.1     5,-0.1  -0.942  30.7 -93.2-166.6 170.9   59.0   26.5    8.1
  238  238 A F  H  > S+     0   0    3   -172,-0.3     4,-2.3    -2,-0.3     5,-0.1   0.799 125.3  50.7 -66.1 -35.0   58.6   25.5   11.7
  239  239 A D  H  > S+     0   0    0      2,-0.2     4,-2.2     1,-0.2    -1,-0.2   0.929 109.5  50.2 -69.2 -40.0   56.4   28.5   12.4
  240  240 A L  H  > S+     0   0    0      1,-0.2     4,-2.0     2,-0.2    -2,-0.2   0.913 112.1  49.0 -60.1 -45.6   54.2   27.6    9.4
  241  241 A V  H  X S+     0   0    0     -4,-2.1     4,-2.3     1,-0.2    -1,-0.2   0.952 108.9  51.9 -59.9 -48.9   54.0   24.0   10.8
  242  242 A G  H  X S+     0   0    0     -4,-2.3     4,-1.4     1,-0.2    -2,-0.2   0.884 109.0  50.0 -54.3 -46.2   53.1   25.2   14.3
  243  243 A M  H  X S+     0   0    1     -4,-2.2     4,-1.9     2,-0.2    -1,-0.2   0.903 110.1  50.3 -59.4 -45.5   50.2   27.4   13.1
  244  244 A T  H  X S+     0   0    0     -4,-2.0     4,-2.1     1,-0.2    -2,-0.2   0.921 109.6  52.6 -58.9 -43.1   48.8   24.5   11.0
  245  245 A G  H  X S+     0   0    0     -4,-2.3     4,-2.0     2,-0.2    -1,-0.2   0.761 104.2  54.9 -65.3 -29.3   49.1   22.4   14.2
  246  246 A V  H  X S+     0   0    0     -4,-1.4     4,-2.6    -3,-0.2     5,-0.2   0.930 108.9  49.4 -69.0 -42.6   47.1   24.9   16.2
  247  247 A M  H  X S+     0   0    0     -4,-1.9     4,-2.2     1,-0.2    -2,-0.2   0.908 111.8  47.1 -59.5 -45.3   44.4   24.7   13.6
  248  248 A L  H  X S+     0   0    0     -4,-2.1     4,-2.2     1,-0.2    -1,-0.2   0.883 112.7  50.1 -66.7 -39.4   44.4   20.9   13.8
  249  249 A G  H  X S+     0   0    0     -4,-2.0     4,-1.6     2,-0.2    -2,-0.2   0.873 110.5  47.6 -67.2 -41.2   44.3   20.9   17.5
  250  250 A A  H  <>S+     0   0    0     -4,-2.6     5,-3.1     2,-0.2    -2,-0.2   0.904 112.2  51.5 -68.7 -37.4   41.4   23.4   17.8
  251  251 A A  H ><5S+     0   0    0     -4,-2.2     3,-1.9    -5,-0.2    -2,-0.2   0.946 108.2  49.7 -63.4 -46.4   39.5   21.4   15.3
  252  252 A R  H 3<5S+     0   0   91     -4,-2.2    -1,-0.2     1,-0.3    -2,-0.2   0.858 111.7  49.3 -58.2 -37.9   40.0   18.1   17.1
  253  253 A C  T 3<5S-     0   0   35     -4,-1.6    -1,-0.3    -5,-0.2    -2,-0.2   0.450 116.2-120.8 -81.7   0.6   38.8   19.9   20.2
  254  254 A G  T < 5 +     0   0    1     -3,-1.9  -206,-2.1     1,-0.2  -205,-0.4   0.875  67.9 133.8  63.0  37.2   35.8   21.2   18.3
  255  255 A L      < -     0   0    7     -5,-3.1    -1,-0.2  -207,-0.1     2,-0.2  -0.864  57.1-103.5-121.6 156.1   36.7   24.8   18.9
  256  256 A P        -     0   0    2      0, 0.0   -89,-2.0     0, 0.0     2,-0.4  -0.488  26.5-161.1 -80.4 146.4   37.0   27.9   16.8
  257  257 A V  E     -ef 167 282B   0     24,-2.4    26,-2.4   -91,-0.2     2,-0.6  -0.992  10.0-144.1-128.0 126.8   40.2   29.4   15.6
  258  258 A L  E     -ef 168 283B   0    -91,-3.2   -89,-1.6    -2,-0.4    60,-0.1  -0.771  18.1-142.0 -90.8 129.0   40.7   33.0   14.4
  259  259 A L        -     0   0    0     24,-2.9    27,-0.1    -2,-0.6   -89,-0.1  -0.269   9.0-157.1 -75.8 172.3   43.1   33.4   11.5
  260  260 A D        -     0   0    4      1,-0.4    26,-0.7    25,-0.1    25,-0.5   0.368  42.5 -54.3-113.4-110.0   45.5   36.4   11.3
  261  261 A G  S >> S-     0   0    8     26,-0.1     4,-2.3    24,-0.1     3,-0.6  -0.184  82.7 -36.1-116.3-149.9   47.0   37.5    7.9
  262  262 A F  H 3> S+     0   0    7      1,-0.3     4,-1.9     2,-0.2     5,-0.1   0.808 130.2  50.1 -44.9 -53.5   49.0   36.1    4.9
  263  263 A L  H 3> S+     0   0    9      1,-0.2     4,-1.7     2,-0.2    -1,-0.3   0.930 113.4  48.2 -55.9 -44.7   51.2   33.7    6.8
  264  264 A S  H <> S+     0   0    1     -3,-0.6     4,-2.5     1,-0.2    -2,-0.2   0.883 105.5  57.4 -66.0 -36.2   48.1   32.3    8.6
  265  265 A Y  H  X S+     0   0    0     -4,-2.3     4,-2.1     2,-0.2    -1,-0.2   0.916 105.5  51.4 -58.5 -42.4   46.3   31.9    5.3
  266  266 A S  H  X S+     0   0    0     -4,-1.9     4,-1.9     1,-0.2    -2,-0.2   0.886 111.4  47.4 -57.9 -45.9   49.3   29.7    4.0
  267  267 A A  H  X S+     0   0    0     -4,-1.7     4,-2.6     1,-0.2    -1,-0.2   0.845 110.2  53.3 -62.2 -40.6   49.0   27.6    7.1
  268  268 A A  H  X S+     0   0    0     -4,-2.5     4,-2.3     2,-0.2     5,-0.2   0.885 105.0  53.5 -68.2 -36.9   45.2   27.4    6.7
  269  269 A L  H  X S+     0   0   16     -4,-2.1     4,-1.3     1,-0.2    -1,-0.2   0.946 111.2  47.3 -60.6 -44.9   45.6   26.1    3.1
  270  270 A A  H  X S+     0   0    0     -4,-1.9     4,-2.2     2,-0.2     3,-0.4   0.944 110.8  51.3 -61.4 -47.6   47.9   23.4    4.4
  271  271 A A  H  X S+     0   0    0     -4,-2.6     4,-3.2     1,-0.3     7,-0.2   0.919 110.6  46.9 -55.8 -49.4   45.5   22.4    7.2
  272  272 A C  H  < S+     0   0   29     -4,-2.3    -1,-0.3     1,-0.2    -2,-0.2   0.759 111.3  53.5 -65.1 -25.5   42.5   22.1    5.0
  273  273 A Q  H  < S+     0   0   87     -4,-1.3    -1,-0.2    -3,-0.4    -2,-0.2   0.857 113.3  42.0 -77.3 -36.4   44.6   20.1    2.6
  274  274 A I  H  < S+     0   0   34     -4,-2.2    -2,-0.2     1,-0.3    -3,-0.2   0.862 137.7   7.2 -76.4 -38.9   45.6   17.8    5.3
  275  275 A A    ><  -     0   0    9     -4,-3.2     3,-2.1    -5,-0.2    -1,-0.3  -0.805  56.1-167.9-150.7 102.7   42.1   17.6    6.8
  276  276 A P  G >  S+     0   0   97      0, 0.0     3,-2.0     0, 0.0    -4,-0.1   0.800  86.2  75.9 -61.1 -25.3   39.1   19.2    5.1
  277  277 A A  G 3  S+     0   0   46      1,-0.3     4,-0.1     2,-0.1    -5,-0.1   0.547  83.2  69.7 -60.4  -9.9   37.2   18.7    8.4
  278  278 A V  G X  S+     0   0    0     -3,-2.1     3,-1.9    -7,-0.2     4,-0.5   0.775  76.9  82.0 -78.9 -28.5   39.2   21.6    9.7
  279  279 A R  G X  S+     0   0   75     -3,-2.0     3,-1.5     1,-0.3    -1,-0.2   0.823  82.3  56.7 -47.3 -49.6   37.4   24.2    7.5
  280  280 A P  G 3  S+     0   0   47      0, 0.0    -1,-0.3     0, 0.0    -2,-0.1   0.614 103.0  56.7 -64.6 -14.0   34.3   24.8    9.6
  281  281 A Y  G <  S+     0   0    1     -3,-1.9   -24,-2.4    -4,-0.1     2,-0.3   0.593  87.4  97.5 -92.4 -10.8   36.3   25.7   12.7
  282  282 A L  E <   -f  257   0B   0     -3,-1.5   -24,-0.2    -4,-0.5   -35,-0.0  -0.609  49.8-173.4 -83.9 139.3   38.3   28.5   10.9
  283  283 A I  E     -f  258   0B   0    -26,-2.4   -24,-2.9    -2,-0.3    19,-0.0  -0.998  19.1-134.5-133.0 122.8   37.2   32.2   11.2
  284  284 A P        -     0   0   10      0, 0.0     3,-0.1     0, 0.0    21,-0.1  -0.339  18.3-174.1 -72.5 161.8   38.9   34.9    9.2
  285  285 A S        -     0   0    0    -25,-0.5    21,-2.2     1,-0.5    20,-1.4   0.600  54.9  -7.4-116.2 -78.6   39.9   38.2   10.9
  286  286 A H  B     -h  306   0D   5    -26,-0.7     2,-0.9    19,-0.2    -1,-0.5  -0.724  64.3-105.3-124.1 170.3   41.2   40.8    8.6
  287  287 A F        -     0   0   67     19,-2.5    22,-0.5    -2,-0.2    23,-0.3  -0.835  42.5-133.8 -99.4 100.9   42.2   41.3    5.1
  288  288 A S        -     0   0    9     -2,-0.9    23,-0.2   -28,-0.2     5,-0.1  -0.215   6.3-134.5 -56.8 141.3   46.0   41.4    4.9
  289  289 A A  S    S+     0   0   53     21,-2.3     2,-0.2    90,-0.1    22,-0.1   0.400  70.0 119.3 -76.6   3.7   47.8   44.1    2.9
  290  290 A E  S >  S-     0   0   15     20,-0.3     3,-2.2     1,-0.1     4,-0.3  -0.494  73.6-123.4 -74.3 135.7   50.1   41.4    1.5
  291  291 A K  T >  S+     0   0  131      1,-0.3     3,-0.5    -2,-0.2     4,-0.3   0.843 108.8  50.5 -44.9 -47.9   49.9   41.1   -2.3
  292  292 A G  T 3> S+     0   0    0    -97,-0.6     4,-2.2     1,-0.2    -1,-0.3   0.408  82.7 100.6 -76.8   3.3   49.0   37.3   -2.3
  293  293 A A  H <> S+     0   0    1     -3,-2.2     4,-2.3     1,-0.2     5,-0.2   0.929  78.4  49.0 -54.8 -52.2   46.2   37.9    0.2
  294  294 A R  H <> S+     0   0   59     -3,-0.5     4,-1.7    -4,-0.3    -1,-0.2   0.903 112.5  48.3 -57.3 -42.7   43.2   37.9   -2.3
  295  295 A I  H  > S+     0   0   46     -4,-0.3     4,-1.8     1,-0.2    -1,-0.2   0.940 112.1  48.3 -63.1 -49.0   44.4   34.7   -4.0
  296  296 A A  H  X S+     0   0    0     -4,-2.2     4,-0.9     1,-0.2    -1,-0.2   0.877 112.6  48.3 -59.8 -40.0   44.9   32.8   -0.7
  297  297 A L  H  <>S+     0   0    5     -4,-2.3     5,-2.7    -5,-0.2     4,-0.4   0.817 107.0  56.4 -72.7 -29.9   41.5   33.9    0.6
  298  298 A A  H ><5S+     0   0   64     -4,-1.7     3,-1.1    -5,-0.2    -1,-0.2   0.929 105.4  50.5 -68.3 -41.6   39.7   32.9   -2.5
  299  299 A H  H 3<5S+     0   0  100     -4,-1.8    -1,-0.2     1,-0.3    -2,-0.2   0.770 112.9  46.3 -68.1 -22.5   41.0   29.4   -2.3
  300  300 A L  T 3<5S-     0   0   10     -4,-0.9    -1,-0.3    -5,-0.2    -2,-0.2   0.465 107.8-130.0 -92.6  -5.3   39.8   29.3    1.3
  301  301 A S  T < 5 +     0   0  104     -3,-1.1     2,-0.4    -4,-0.4    -3,-0.2   0.899  59.3 144.6  56.0  43.3   36.5   30.7    0.2
  302  302 A M      < -     0   0   18     -5,-2.7    -1,-0.2    -6,-0.1    -2,-0.1  -0.926  40.7-165.1-119.9 145.3   36.8   33.3    3.0
  303  303 A E        -     0   0   56     -2,-0.4   -16,-0.1    -3,-0.1   351,-0.0  -0.940  24.8-137.2-124.5 104.6   35.8   36.9    3.3
  304  304 A P        -     0   0    4      0, 0.0   -18,-0.2     0, 0.0   -19,-0.1  -0.127   3.9-138.2 -61.0 162.7   37.4   38.7    6.3
  305  305 A Y  S    S+     0   0    8    -20,-1.4   349,-2.6     1,-0.1     2,-0.4   0.787  81.7  60.5 -87.5 -34.3   35.5   41.0    8.6
  306  306 A L  B     -hI 286 653D   0    -21,-2.2   -19,-2.5   347,-0.2     2,-0.6  -0.870  53.7-169.1-106.3 133.4   38.1   43.7    8.9
  307  307 A H        +     0   0   55    345,-2.6   -19,-0.1    -2,-0.4   -21,-0.1  -0.861  37.0 136.3-113.9  87.4   39.7   45.9    6.2
  308  308 A M        -     0   0    0     -2,-0.6    74,-2.7   -21,-0.3    75,-0.5   0.388  64.1-124.1-115.8   1.7   42.6   47.6    8.1
  309  309 A A        +     0   0   42    -22,-0.5    72,-0.2    72,-0.2     2,-0.2   0.851  53.8 165.9  55.9  38.4   45.5   47.3    5.6
  310  310 A M        +     0   0    1    -23,-0.3   -21,-2.3    70,-0.2   -20,-0.3  -0.553  24.0 162.0 -87.9 149.5   47.4   45.5    8.3
  311  311 A R        +     0   0   74     68,-3.0    69,-0.2    -2,-0.2    -1,-0.1  -0.041  43.4 105.0-155.3  37.0   50.6   43.6    7.7
  312  312 A L        -     0   0   23     67,-0.3     2,-0.2     1,-0.2    68,-0.1   0.842  56.6-166.6 -88.2 -38.4   52.3   43.3   11.0
  313  313 A G    >   +     0   0   16     66,-0.2     3,-1.9     1,-0.1    -1,-0.2  -0.571  46.9 118.8  83.7-151.2   51.6   39.6   11.7
  314  314 A E  T 3  S-     0   0    6   -143,-0.8  -144,-0.1     1,-0.3    -1,-0.1   0.388 107.7 -74.8  73.2  -7.7   52.1   38.2   15.3
  315  315 A G  T 3> S+     0   0    0   -146,-0.1     4,-1.9  -145,-0.0    -1,-0.3   0.604  97.0 135.2  92.5  11.4   48.5   37.4   15.4
  316  316 A S  H <> S+     0   0    1     -3,-1.9     4,-1.6     1,-0.2    -2,-0.1   0.863  72.6  50.6 -61.5 -35.4   47.6   41.1   15.9
  317  317 A G  H  > S+     0   0    0      2,-0.2     4,-1.3     1,-0.2    -1,-0.2   0.916 106.9  53.7 -68.5 -43.4   44.7   40.8   13.4
  318  318 A A  H  > S+     0   0    0   -149,-0.2     4,-0.6     1,-0.2     3,-0.3   0.906 109.9  48.1 -58.5 -41.1   43.4   37.7   15.1
  319  319 A A  H >< S+     0   0    0     -4,-1.9     3,-0.7     1,-0.2    -1,-0.2   0.866 105.7  57.4 -68.2 -38.1   43.2   39.6   18.4
  320  320 A L  H 3< S+     0   0   15     -4,-1.6    -1,-0.2     1,-0.2     4,-0.2   0.793 106.4  50.5 -64.1 -27.8   41.5   42.6   16.9
  321  321 A A  H >X S+     0   0    1     -4,-1.3     4,-1.4    -3,-0.3     3,-1.2   0.605  83.2  91.8 -86.9 -12.8   38.7   40.4   15.7
  322  322 A M  H <X S+     0   0    0     -3,-0.7     4,-2.1    -4,-0.6     3,-0.3   0.903  81.8  55.6 -51.9 -41.7   38.0   38.8   19.0
  323  323 A P  H 3> S+     0   0   35      0, 0.0     4,-2.2     0, 0.0    -1,-0.3   0.806 100.4  59.5 -64.7 -25.9   35.4   41.4   20.0
  324  324 A I  H <> S+     0   0   10     -3,-1.2     4,-2.1     2,-0.2    -2,-0.2   0.921 105.2  49.6 -66.4 -39.5   33.5   40.6   16.9
  325  325 A V  H  X S+     0   0    2     -4,-1.4     4,-1.4    -3,-0.3    -1,-0.2   0.949 111.5  47.5 -64.6 -45.1   33.1   37.1   18.1
  326  326 A E  H  X S+     0   0   44     -4,-2.1     4,-2.4     1,-0.2    -1,-0.2   0.867 108.0  57.5 -64.5 -32.4   32.0   38.2   21.5
  327  327 A A  H  X S+     0   0    4     -4,-2.2     4,-2.6     1,-0.2    -1,-0.2   0.922 102.8  52.9 -63.6 -40.9   29.6   40.5   19.8
  328  328 A A  H  X S+     0   0    0     -4,-2.1     4,-1.8     1,-0.2    -1,-0.2   0.858 111.0  48.3 -62.0 -33.4   27.9   37.7   17.9
  329  329 A C  H  X S+     0   0   12     -4,-1.4     4,-2.5     2,-0.2    -1,-0.2   0.914 109.9  49.8 -72.9 -44.2   27.5   35.9   21.2
  330  330 A A  H  X S+     0   0    6     -4,-2.4     4,-3.1     2,-0.2     5,-0.5   0.890 109.0  54.1 -59.9 -40.6   26.0   38.9   23.0
  331  331 A M  H  X S+     0   0    0     -4,-2.6     4,-1.7    -5,-0.2    -2,-0.2   0.982 110.7  45.6 -58.1 -53.3   23.6   39.4   20.2
  332  332 A F  H  < S+     0   0   20     -4,-1.8    -2,-0.2     1,-0.2    -1,-0.2   0.878 122.7  34.1 -55.2 -49.1   22.4   35.9   20.5
  333  333 A H  H  < S+     0   0   91     -4,-2.5    -1,-0.2     1,-0.1    -2,-0.2   0.807 123.0  35.8 -83.5 -35.4   22.0   35.9   24.2
  334  334 A N  H  < S+     0   0   94     -4,-3.1    -3,-0.2    -5,-0.2    -2,-0.2   0.614  84.5  98.8-102.9 -11.9   21.0   39.3   25.2
  335  335 A M     <  -     0   0    9     -4,-1.7   106,-0.2    -5,-0.5   105,-0.1  -0.498  68.8-125.6 -72.2 149.1   18.7   40.7   22.5
  336  336 A G        -     0   0   16    104,-2.1  -309,-2.4    -2,-0.1     2,-0.3  -0.150  29.1-100.7 -80.6-177.8   14.9   40.5   23.3
  337  337 A E  B >>  -A   26   0A  88   -311,-0.3     4,-0.8     1,-0.1     3,-0.6  -0.843   7.7-130.3-116.0 150.1   12.3   38.9   21.0
  338  338 A L  H >>>S+     0   0   24   -313,-2.4     5,-2.5    -2,-0.3     3,-1.4   0.911 108.2  57.1 -53.8 -48.8    9.8   40.1   18.5
  339  339 A A  H >45S+     0   0   75   -314,-0.4     3,-0.8     1,-0.3    -1,-0.3   0.822 101.7  55.0 -55.3 -35.6    7.0   38.0   20.0
  340  340 A A  H <45S+     0   0   79     -3,-0.6    -1,-0.3     1,-0.2    -2,-0.2   0.701 110.1  46.8 -73.2 -19.1    7.5   39.6   23.4
  341  341 A S  H <<5S-     0   0   23     -3,-1.4    -1,-0.2    -4,-0.8    -2,-0.2   0.389 112.7-121.8 -99.2  -0.5    7.0   43.0   21.8
  342  342 A N  T <<5 +     0   0  142     -3,-0.8     2,-0.6    -4,-0.5    -3,-0.2   0.793  58.3 156.9  63.3  29.4    4.0   41.7   20.0
  343  343 A I      < -     0   0   15     -5,-2.5     2,-0.5    -6,-0.2    -1,-0.3  -0.755  23.6-167.1 -91.1 127.0    5.7   42.7   16.8
  344  344 A V        -     0   0  115     -2,-0.6    -5,-0.0    -3,-0.1    -1,-0.0  -0.929   4.0-173.8-117.7 121.1    4.5   40.9   13.7
  345  345 A L              0   0   52     -2,-0.5    79,-0.1    79,-0.1    -2,-0.0  -0.843 360.0 360.0-112.5 147.8    6.3   40.9   10.4
  346  346 A P              0   0  132      0, 0.0    -1,-0.1     0, 0.0    77,-0.0  -0.244 360.0 360.0 -51.1 360.0    5.2   39.5    7.1
  347        !              0   0    0      0, 0.0     0, 0.0     0, 0.0     0, 0.0   0.000 360.0 360.0 360.0 360.0    0.0    0.0    0.0
  348  347 A L     >        0   0   48      1,-0.3     4,-2.1     2,-0.3     5,-0.2   0.000 360.0 360.0 360.0 -41.9   23.7   78.6   14.1
  349  348 A H  H  >  +     0   0   83      2,-0.2     4,-2.3     1,-0.2    -1,-0.3   0.943 360.0  49.2 -67.2 -38.8   25.9   80.6   11.8
  350  349 A A  H  > S+     0   0   42      2,-0.2     4,-2.2     1,-0.2    -2,-0.3   0.950 107.1  53.1 -54.5 -60.8   28.1   81.1   14.8
  351  350 A L  H  4 S+     0   0   25      1,-0.3     3,-0.3     2,-0.2    -1,-0.2   0.894 112.0  45.8 -42.0 -55.1   28.2   77.4   15.6
  352  351 A L  H >< S+     0   0   41     -4,-2.1     3,-1.1     1,-0.2    -1,-0.3   0.864 110.8  52.6 -61.3 -39.7   29.2   76.7   12.1
  353  352 A R  H 3< S+     0   0  175     -4,-2.3    -1,-0.2     1,-0.2    -2,-0.2   0.799 105.2  56.9 -68.1 -28.7   31.8   79.4   12.1
  354  353 A D  T 3<  +     0   0   61     -4,-2.2    -1,-0.2    -3,-0.3    -2,-0.2   0.267  69.4 124.4 -88.8   8.5   33.4   78.1   15.3
  355  354 A I    <   -     0   0   18     -3,-1.1   244,-0.2    -5,-0.2     2,-0.1  -0.623  61.5-127.1 -72.3 123.5   34.2   74.5   14.1
  356  355 A P        -     0   0   40      0, 0.0     3,-0.1     0, 0.0    -1,-0.1  -0.371  10.2-120.8 -76.5 150.9   37.9   74.0   14.8
  357  356 A A        -     0   0   78      1,-0.1     2,-0.1    -2,-0.1   267,-0.0  -0.458  42.3 -90.1 -81.6 156.2   40.5   72.9   12.3
  358  357 A P        -     0   0   53      0, 0.0     2,-1.2     0, 0.0    35,-0.2  -0.368  41.5-107.2 -68.6 148.7   42.5   69.8   13.1
  359  358 A D     >  -     0   0   63     33,-3.2     4,-1.8     1,-0.2     3,-0.2  -0.652  32.3-174.8 -80.5  96.4   45.7   70.3   15.0
  360  359 A A  H  > S+     0   0   75     -2,-1.2     4,-1.3     1,-0.2    -1,-0.2   0.789  82.6  56.4 -60.8 -28.7   48.5   69.6   12.5
  361  360 A E  H  > S+     0   0  108      2,-0.2     4,-2.0     1,-0.2    -1,-0.2   0.936 106.7  46.8 -72.1 -43.7   51.1   69.9   15.2
  362  361 A A  H  > S+     0   0    0      1,-0.2     4,-2.1     2,-0.2    -2,-0.2   0.869 111.1  54.0 -64.0 -34.8   49.6   67.2   17.4
  363  362 A M  H  X S+     0   0   56     -4,-1.8     4,-2.2     2,-0.2    -1,-0.2   0.785 106.6  51.6 -67.6 -33.1   49.3   65.0   14.3
  364  363 A A  H  X S+     0   0   62     -4,-1.3     4,-2.2     2,-0.2     5,-0.2   0.924 110.6  46.8 -71.3 -43.2   52.9   65.4   13.4
  365  364 A R  H  X S+     0   0  133     -4,-2.0     4,-2.3     1,-0.2     5,-0.2   0.928 112.3  53.2 -64.4 -37.5   54.0   64.4   16.9
  366  365 A T  H  X S+     0   0    2     -4,-2.1     4,-2.9     1,-0.2     5,-0.2   0.961 107.5  48.8 -60.9 -50.9   51.6   61.5   16.6
  367  366 A Q  H  X S+     0   0   67     -4,-2.2     4,-2.6     1,-0.2    -1,-0.2   0.927 110.5  51.2 -55.4 -47.9   53.0   60.2   13.4
  368  367 A Q  H  X S+     0   0   66     -4,-2.2     4,-1.1     2,-0.2    -1,-0.2   0.915 111.2  48.0 -57.0 -46.9   56.6   60.5   14.7
  369  368 A H  H >< S+     0   0   62     -4,-2.3     3,-0.7     1,-0.2     4,-0.3   0.933 111.3  50.6 -62.0 -44.2   55.7   58.5   17.8
  370  369 A I  H >< S+     0   0    0     -4,-2.9     3,-1.5     1,-0.2    -1,-0.2   0.907 104.8  57.4 -61.0 -41.3   53.9   55.9   15.8
  371  370 A D  H 3< S+     0   0   63     -4,-2.6    -1,-0.2     1,-0.3    -2,-0.2   0.791 103.1  54.4 -62.4 -26.2   56.8   55.4   13.5
  372  371 A G  T << S+     0   0   30     -4,-1.1   313,-2.4    -3,-0.7   314,-0.4   0.364  84.6 119.4 -89.8   6.4   59.2   54.6   16.4
  373  372 A L  B <  S-K  684   0E   0     -3,-1.5     2,-3.3    -4,-0.3   311,-0.3  -0.326  85.2 -87.2 -74.7 157.5   57.0   51.8   17.7
  374  373 A L  S    S+     0   0    5    309,-2.4  -279,-0.4  -281,-0.2    -1,-0.1  -0.251 100.8  70.7 -60.4  64.9   58.1   48.2   18.0
  375  374 A K  S    S-     0   0    5     -2,-3.3   310,-0.1    -4,-0.2     3,-0.1  -0.970  94.6 -74.8-171.8 162.5   57.1   47.3   14.4
  376  375 A P  S >  S-     0   0   24      0, 0.0     3,-2.5     0, 0.0     4,-0.2  -0.453  70.1 -87.6 -66.1 134.3   58.0   47.8   10.8
  377  376 A P  T 3  S+     0   0   54      0, 0.0    -6,-0.1     0, 0.0    -5,-0.0  -0.195 109.5   3.3 -52.1 132.9   56.9   51.3    9.8
  378  377 A G  T >  S+     0   0   24     -8,-0.1     3,-1.6    -3,-0.1     6,-0.1   0.380  91.0 127.0  72.5   4.4   53.4   51.6    8.5
  379  378 A S  T <   +     0   0    0     -3,-2.5   -68,-3.0     1,-0.3   -67,-0.3   0.718  67.5  55.4 -63.1 -26.4   52.8   47.9    9.3
  380  379 A L  T >  S-     0   0    0     -4,-0.2     3,-2.0     1,-0.2     4,-0.5   0.245  88.0-177.8 -91.0  11.7   49.6   48.6   11.4
  381  380 A G  T X>  +     0   0   15     -3,-1.6     4,-1.8     1,-0.3     3,-1.3   0.086  62.9  16.9  35.0-115.8   48.1   50.5    8.5
  382  381 A R  H 3> S+     0   0   55    -74,-2.7     4,-2.5     1,-0.3    -1,-0.3   0.709 121.0  64.9 -59.6 -20.9   44.7   52.0    9.0
  383  382 A L  H <> S+     0   0    0     -3,-2.0     4,-1.7   -75,-0.5    -1,-0.3   0.851 104.8  45.4 -70.5 -32.2   45.2   51.7   12.8
  384  383 A E  H <> S+     0   0   10     -3,-1.3     4,-2.0    -4,-0.5    -2,-0.2   0.941 112.8  49.7 -73.4 -46.7   48.0   54.1   12.5
  385  384 A T  H  X S+     0   0   85     -4,-1.8     4,-2.7     1,-0.2    -2,-0.2   0.907 109.3  52.1 -57.4 -45.5   46.0   56.5   10.3
  386  385 A L  H  X S+     0   0    0     -4,-2.5     4,-3.0     1,-0.2     5,-0.2   0.954 108.3  51.7 -59.2 -47.2   43.1   56.4   12.7
  387  386 A A  H  X S+     0   0    0     -4,-1.7     4,-2.2     1,-0.2    -1,-0.2   0.865 110.4  47.3 -57.4 -41.2   45.4   57.3   15.6
  388  387 A V  H  X S+     0   0   19     -4,-2.0     4,-1.3     2,-0.2    -1,-0.2   0.926 110.7  53.9 -67.2 -41.5   46.9   60.3   13.8
  389  388 A Q  H >< S+     0   0   40     -4,-2.7     3,-0.7     1,-0.2     4,-0.4   0.937 109.7  46.0 -58.3 -48.5   43.4   61.3   12.8
  390  389 A L  H >< S+     0   0    1     -4,-3.0     3,-1.9     1,-0.2    -1,-0.2   0.911 105.9  60.1 -61.4 -41.9   42.2   61.2   16.5
  391  390 A A  H 3< S+     0   0    0     -4,-2.2    -1,-0.2     1,-0.3     7,-0.2   0.796  99.0  59.4 -55.3 -29.1   45.3   63.1   17.6
  392  391 A G  T << S+     0   0    1     -4,-1.3   -33,-3.2    -3,-0.7    -1,-0.3   0.610  81.5 102.2 -76.8 -11.6   44.3   66.0   15.3
  393  392 A M    X   -     0   0    3     -3,-1.9     3,-2.8    -4,-0.4     5,-0.4  -0.672  65.0-149.2 -82.0 109.5   40.9   66.5   17.2
  394  393 A P  G >  S+     0   0   52      0, 0.0     3,-1.4     0, 0.0    -1,-0.1   0.762  94.0  59.0 -48.2 -37.4   41.0   69.4   19.5
  395  394 A G  G 3  S+     0   0   30    206,-2.1   207,-0.1     1,-0.3   206,-0.1   0.592  97.2  67.3 -71.3  -6.0   38.6   68.0   22.1
  396  395 A L  G X  S-     0   0    0     -3,-2.8     3,-0.6   205,-0.4    -1,-0.3   0.463 105.6-121.3 -93.5  -3.2   41.0   65.1   22.5
  397  396 A N  T <   -     0   0  127     -3,-1.4    -2,-0.1    -4,-0.3    -6,-0.1   0.911  64.1 -59.0  67.4  38.1   43.9   67.0   24.0
  398  397 A G  T 3  S+     0   0   17     -5,-0.4    -1,-0.2    -7,-0.2    -7,-0.1   0.602 117.1  71.9  67.8  20.1   46.6   66.3   21.4
  399  398 A T  S <  S-     0   0   25     -3,-0.6     2,-0.6    -6,-0.2    -1,-0.1  -0.988  92.3 -89.9-158.6 149.9   46.6   62.5   21.7
  400  399 A P        +     0   0    0      0, 0.0     2,-0.3     0, 0.0   280,-0.1  -0.526  63.5 157.1 -67.9 112.4   44.5   59.5   20.7
  401  400 A Q        -     0   0   77     -2,-0.6     2,-0.4   111,-0.1    -3,-0.0  -0.960  31.7-161.2-135.2 151.8   42.3   59.1   23.8
  402  401 A V        +     0   0   35     -2,-0.3     3,-0.1   271,-0.1   109,-0.1  -0.920  20.5 159.0-139.9 107.8   38.9   57.5   24.5
  403  402 A G        -     0   0   37      1,-0.4     2,-0.2    -2,-0.4   108,-0.2   0.522  62.7  -8.6 -93.5-114.8   37.0   58.4   27.7
  404  403 A E  E     -l  511   0F 119    106,-2.2   108,-2.8   103,-0.1   109,-1.2  -0.536  67.0-148.3 -84.7 156.6   33.3   57.9   27.8
  405  404 A K  E     -l  513   0F  21     46,-0.4    48,-2.4   106,-0.2     2,-0.4  -0.959  12.8-174.2-125.8 142.7   31.4   56.8   24.8
  406  405 A A  E     -lm 514 453F   0    107,-2.1   109,-1.7    -2,-0.4     2,-0.5  -0.993  15.5-153.9-138.6 141.4   27.8   57.5   23.8
  407  406 A V  E     -lm 515 454F   0     46,-2.9    48,-3.6    -2,-0.4     2,-0.6  -0.973  15.4-156.0-112.3 118.4   25.5   56.4   21.0
  408  407 A L  E     -lm 516 455F   0    107,-2.7   109,-2.1    -2,-0.5     2,-0.6  -0.885   6.3-163.7 -99.7 118.9   22.7   58.9   20.2
  409  408 A V  E     -lm 517 456F   0     46,-3.0    48,-4.2    -2,-0.6     2,-0.6  -0.918   4.2-155.6-108.5 117.7   19.7   57.4   18.6
  410  409 A M  E     -lm 518 457F   0    107,-2.3   109,-1.6    -2,-0.6     2,-0.4  -0.819  13.2-165.1 -95.9 114.8   17.3   59.7   16.8
  411  410 A C  E     +lm 519 458F   0     46,-3.4    48,-2.7    -2,-0.6    49,-0.7  -0.843  20.8 136.8-107.0 143.0   13.8   58.4   16.5
  412  411 A A  E     - m   0 460F   0    107,-2.1    49,-0.3    -2,-0.4     2,-0.2  -0.962  39.6-120.4-176.2 155.0   11.0   59.7   14.3
  413  412 A D        -     0   0    4     47,-2.2    65,-2.0    -2,-0.3     2,-0.4  -0.663  22.5-143.6-101.3 157.3    8.1   58.7   12.0
  414  413 A H  B >   -q  478   0G   1    107,-0.5     3,-1.2    -2,-0.2     4,-0.2  -0.963  14.0-144.1-126.2 141.0    7.7   59.7    8.4
  415  414 A G  G >  S+     0   0    9     63,-0.7     3,-2.1    64,-0.5    65,-0.3   0.809  95.6  75.6 -69.0 -27.5    4.5   60.5    6.4
  416  415 A V  G > >S+     0   0    2     63,-0.5     3,-2.2     1,-0.3     5,-0.6   0.673  73.3  83.3 -59.5 -13.6    6.0   58.8    3.4
  417  416 A W  G X 5S+     0   0   55     -3,-1.2     3,-1.9     1,-0.3     5,-0.4   0.885  77.8  67.2 -55.0 -38.1    5.2   55.5    5.1
  418  417 A D  G < 5S+     0   0  114     -3,-2.1    -1,-0.3     1,-0.3    -2,-0.2   0.596  84.6  74.0 -61.4  -9.7    1.6   55.9    3.7
  419  418 A E  G < 5S-     0   0   50     -3,-2.2    -1,-0.3    -4,-0.2    -2,-0.2   0.346 114.7-110.7 -85.7   4.6    3.1   55.4    0.3
  420  419 A G  T < 5S+     0   0   48     -3,-1.9    -2,-0.1     2,-0.1    -3,-0.1   0.799  78.7 131.9  71.1  29.3    3.6   51.7    0.9
  421  420 A V      < +     0   0    4     -5,-0.6     2,-0.4    -4,-0.4    -4,-0.1   0.485  61.9  50.1 -89.3  -7.3    7.4   52.0    1.0
  422  421 A A        -     0   0   20     -5,-0.4    -1,-0.1     1,-0.1    -2,-0.1  -0.988  55.5-162.4-138.1 132.2    7.9   50.0    4.2
  423  422 A V        +     0   0   53     -2,-0.4    -1,-0.1   124,-0.2   125,-0.1   0.643  66.5  96.2 -87.7 -11.7    6.7   46.7    5.4
  424  423 A S  S    S-     0   0   14      1,-0.1   -79,-0.1   -79,-0.1    -2,-0.1  -0.594  89.1-103.8 -74.6 136.9    7.3   47.2    9.1
  425  424 A P    >   -     0   0   44      0, 0.0     3,-1.5     0, 0.0     4,-0.3  -0.264  26.7-122.0 -58.1 146.8    4.2   48.3   10.9
  426  425 A K  T >  S+     0   0   39      1,-0.3     3,-1.5     2,-0.2     4,-0.4   0.864 107.7  65.5 -58.5 -38.6    4.4   52.1   11.8
  427  426 A I  T >> S+     0   0  116      1,-0.3     4,-2.4     2,-0.2     3,-0.6   0.694  78.7  83.8 -55.3 -28.0    4.0   51.4   15.5
  428  427 A V  H <> S+     0   0   15     -3,-1.5     4,-3.6     1,-0.2     5,-0.4   0.841  82.7  61.2 -49.4 -36.9    7.4   49.7   15.6
  429  428 A T  H <> S+     0   0    0     -3,-1.5     4,-1.9    -4,-0.3    -1,-0.2   0.947 110.2  38.9 -55.1 -51.5    9.1   53.0   15.9
  430  429 A A  H <> S+     0   0   17     -3,-0.6     4,-2.1    -4,-0.4    -2,-0.2   0.888 119.5  48.3 -63.5 -44.6    7.4   53.8   19.2
  431  430 A I  H  X S+     0   0   49     -4,-2.4     4,-2.3     2,-0.2    -2,-0.2   0.944 114.1  43.9 -61.4 -54.3    7.7   50.2   20.3
  432  431 A Q  H  X S+     0   0   10     -4,-3.6     4,-1.7     2,-0.2    -1,-0.2   0.839 110.3  57.4 -62.4 -36.0   11.4   49.8   19.5
  433  432 A A  H  X S+     0   0    0     -4,-1.9     4,-0.7    -5,-0.4     3,-0.4   0.954 107.5  47.3 -61.7 -44.6   12.0   53.3   21.1
  434  433 A A  H >X S+     0   0   13     -4,-2.1     3,-1.5     1,-0.2     4,-0.6   0.931 108.4  55.6 -60.6 -45.3   10.5   52.0   24.3
  435  434 A N  H >X>S+     0   0    6     -4,-2.3     3,-1.5     1,-0.3     5,-1.2   0.820  94.9  67.2 -55.9 -34.2   12.6   48.9   24.1
  436  435 A M  H 3<5S+     0   0    8     -4,-1.7     3,-0.5    -3,-0.4    -1,-0.3   0.837  96.8  55.9 -56.6 -32.0   15.7   51.1   23.8
  437  436 A T  H <<5S+     0   0   64     -3,-1.5    -1,-0.3    -4,-0.7    -2,-0.2   0.720 107.2  49.0 -72.6 -20.3   15.0   52.0   27.4
  438  437 A R  H <<5S-     0   0  156     -3,-1.5    -1,-0.2    -4,-0.6    -2,-0.2   0.565 106.6-123.8 -96.1  -8.3   15.0   48.4   28.4
  439  438 A G  T  <5S+     0   0   36     -4,-0.9    -3,-0.2    -3,-0.5    -2,-0.1   0.767  77.2 116.6  73.6  29.5   18.4   47.5   26.7
  440  439 A T      < +     0   0   38     -5,-1.2  -104,-2.1  -105,-0.1  -413,-0.2   0.519  47.9 100.8-104.4  -6.4   17.0   44.7   24.6
  441  440 A T  S  > S-     0   0    0     -6,-0.4     4,-2.6  -106,-0.2     5,-0.2  -0.257  84.9-109.3 -76.1 163.9   17.7   46.2   21.2
  442  441 A G  H  > S+     0   0    0   -415,-0.4     4,-2.5     1,-0.2     5,-0.2   0.946 120.0  46.8 -56.8 -47.9   20.6   45.4   18.9
  443  442 A V  H  > S+     0   0    0      1,-0.2     4,-2.4     2,-0.2    -1,-0.2   0.877 111.0  52.6 -64.0 -36.1   22.3   48.7   19.6
  444  443 A C  H  > S+     0   0   14      2,-0.2     4,-2.1     1,-0.2    -1,-0.2   0.893 111.0  47.2 -63.3 -43.7   21.8   48.4   23.3
  445  444 A V  H  X S+     0   0    5     -4,-2.6     4,-1.5     2,-0.2    -2,-0.2   0.937 115.9  42.9 -64.2 -48.0   23.4   45.0   23.2
  446  445 A L  H  X S+     0   0    4     -4,-2.5     4,-1.5     2,-0.2    -2,-0.2   0.837 113.0  52.5 -68.1 -37.4   26.4   46.0   21.1
  447  446 A A  H  <>S+     0   0    1     -4,-2.4     5,-2.8    -5,-0.2     4,-0.5   0.914 107.2  51.9 -66.2 -42.9   26.9   49.3   23.0
  448  447 A A  H ><5S+     0   0   71     -4,-2.1     3,-0.8     1,-0.3    -1,-0.2   0.878 108.5  52.7 -58.1 -39.9   26.9   47.4   26.4
  449  448 A Q  H 3<5S+     0   0   91     -4,-1.5    -1,-0.3     1,-0.2    -2,-0.2   0.865 112.2  44.6 -63.4 -36.4   29.5   45.2   24.8
  450  449 A A  T 3<5S-     0   0    9     -4,-1.5    -1,-0.2    -3,-0.2    -2,-0.2   0.364 114.4-115.7 -88.3   0.6   31.6   48.3   23.9
  451  450 A G  T < 5S+     0   0   46     -3,-0.8   -46,-0.4    -4,-0.5     2,-0.2   0.771  71.1 137.0  69.6  24.4   31.1   50.0   27.3
  452  451 A A      < -     0   0   14     -5,-2.8     2,-0.4    -6,-0.1   -46,-0.2  -0.644  51.6-126.1-101.8 158.6   29.1   52.8   25.7
  453  452 A K  E     -m  406   0F  51    -48,-2.4   -46,-2.9    -2,-0.2     2,-0.5  -0.878  18.7-135.3-105.9 139.2   25.9   54.5   26.8
  454  453 A V  E     -m  407   0F  37     -2,-0.4     2,-0.6   -48,-0.2   -46,-0.2  -0.805  12.3-164.4 -97.1 125.4   22.8   54.8   24.6
  455  454 A H  E     -m  408   0F  47    -48,-3.6   -46,-3.0    -2,-0.5     2,-0.5  -0.926   9.3-156.5-107.6 110.7   20.9   58.1   24.4
  456  455 A V  E     -m  409   0F  12     -2,-0.6    14,-2.1    12,-0.2     2,-0.5  -0.784  11.4-166.6 -87.4 124.3   17.4   57.6   22.8
  457  456 A I  E     -mn 410 470F   0    -48,-4.2   -46,-3.4    -2,-0.5     2,-0.9  -0.936  14.5-151.3-120.1 122.5   16.1   60.8   21.4
  458  457 A D  E     +mn 411 471F   2     12,-3.2    14,-2.8    -2,-0.5   -46,-0.2  -0.776  27.2 160.0 -87.7 110.6   12.6   61.4   20.3
  459  458 A V  E    S-     0   0F   0    -48,-2.7    15,-1.7    -2,-0.9    16,-0.4   0.358  79.2 -19.4-108.8   2.7   12.6   63.9   17.5
  460  459 A G  E    S+m  412   0F   0    -49,-0.7   -47,-2.2    13,-0.2    17,-0.9   0.416  71.0 166.4 161.5  39.6    9.2   63.2   16.0
  461  460 A I        -     0   0    0    -49,-0.3     2,-1.7   -50,-0.3    59,-0.0  -0.566  39.0-128.2 -73.9 135.8    7.6   59.8   16.8
  462  461 A D  S    S+     0   0   67     14,-0.2     2,-0.3    -2,-0.2   -32,-0.1  -0.596  80.2  67.8 -86.5  75.6    3.9   59.6   15.9
  463  462 A A  S    S-     0   0   21     -2,-1.7     3,-0.1   -34,-0.1    14,-0.1  -0.954  96.1 -61.0-173.5 173.3    2.7   58.3   19.2
  464  463 A E  S    S-     0   0  152     -2,-0.3    -3,-0.0     1,-0.1    -2,-0.0  -0.339  73.8 -78.4 -67.3 158.3    2.4   59.5   22.8
  465  464 A P        -     0   0   81      0, 0.0    -1,-0.1     0, 0.0     6,-0.0  -0.218  42.8-130.8 -57.2 142.0    5.6   60.5   24.6
  466  465 A I    >   -     0   0   24     -3,-0.1     3,-2.2     4,-0.1    -8,-0.1  -0.851  18.1-129.1-101.6 115.6    7.7   57.6   25.8
  467  466 A P  T 3  S+     0   0  116      0, 0.0     3,-0.1     0, 0.0   -30,-0.1  -0.380  95.5  31.5 -61.3 134.7    8.8   58.0   29.4
  468  467 A G  T 3  S+     0   0   74      1,-0.4     2,-0.3    -2,-0.0   -12,-0.2   0.138  97.4 105.3 104.1 -19.8   12.5   57.5   29.6
  469  468 A V  S <  S-     0   0   16     -3,-2.2    -1,-0.4   -14,-0.1     2,-0.3  -0.756  79.8-110.0 -95.8 140.2   13.2   58.9   26.2
  470  469 A V  E     -n  457   0F  40    -14,-2.1   -12,-3.2    -2,-0.3     2,-0.8  -0.531  35.0-135.4 -71.1 125.9   14.6   62.4   25.7
  471  470 A N  E     +n  458   0F  96     -2,-0.3   -12,-0.1   -14,-0.2    -1,-0.1  -0.769  52.7 136.0 -92.9 113.4   11.9   64.6   24.3
  472  471 A M        +     0   0   18    -14,-2.8    -1,-0.1    -2,-0.8     2,-0.1  -0.131  32.0 167.5-137.3  31.0   12.8   66.9   21.4
  473  472 A R        -     0   0   57      1,-0.1   -13,-0.2   -13,-0.0   -14,-0.2  -0.268  21.6-175.0 -55.8 124.1    9.7   66.1   19.4
  474  473 A V        -     0   0   46    -15,-1.7     2,-0.3     1,-0.4   -14,-0.2   0.957  68.8 -32.2 -82.1 -48.4    9.2   68.4   16.5
  475  474 A A  S    S-     0   0   41    -16,-0.4     2,-2.1     0, 0.0    -1,-0.4  -0.936  75.3 -77.7-160.1 167.5    5.9   66.9   15.5
  476  475 A R  S    S-     0   0  135     -2,-0.3   -14,-0.2    -3,-0.1   -15,-0.2  -0.533 106.9 -33.2 -76.1  80.3    4.0   63.6   15.5
  477  476 A G  S    S-     0   0   11     -2,-2.1   -63,-0.2   -17,-0.9     2,-0.1   0.126  82.3 -89.5  84.5 156.3    5.9   62.4   12.4
  478  477 A C  B     -q  414   0G  12    -65,-2.0   -63,-0.7     1,-0.2     9,-0.2  -0.462  50.7 -77.4 -96.5 174.5    7.2   64.5    9.5
  479  478 A G        -     0   0   29      7,-2.7     2,-0.8    -2,-0.1   -64,-0.5  -0.250  51.2 -97.0 -68.0 157.8    5.4   65.4    6.2
  480  479 A N    >>  -     0   0   29    -65,-0.3     3,-2.0     1,-0.2     4,-0.8  -0.644  30.6-155.7 -78.0 106.0    5.0   63.0    3.4
  481  480 A I  T 34 S+     0   0    2     -2,-0.8    87,-0.2     1,-0.3    -1,-0.2   0.703  85.0  75.7 -59.2 -18.4    7.9   63.9    1.1
  482  481 A A  T 34 S+     0   0    0      1,-0.2    -1,-0.3     3,-0.1    85,-0.1   0.791 111.0  21.7 -64.1 -27.3    6.0   62.4   -1.7
  483  482 A V  T <4 S-     0   0   98     -3,-2.0    -1,-0.2     1,-0.2    -2,-0.2   0.353 134.2 -22.9-124.2   5.8    3.6   65.4   -1.9
  484  483 A G  S  < S-     0   0   14     -4,-0.8    -1,-0.2    -3,-0.1    84,-0.2  -0.959  91.4 -34.1 174.0-168.2    5.5   68.2   -0.3
  485  484 A P        -     0   0   72      0, 0.0    96,-0.2     0, 0.0    97,-0.2  -0.364  38.8-131.5 -77.3 156.1    8.2   68.9    2.2
  486  485 A A  S    S-     0   0    4     95,-1.5    -7,-2.7    94,-0.7     2,-0.3   0.851  83.3 -32.9 -69.7 -35.0    9.1   67.0    5.2
  487  486 A M  S    S-     0   0   15     93,-2.0     2,-0.2    -9,-0.2    -1,-0.2  -0.952  75.8 -69.4-168.3-177.8    9.1   70.1    7.3
  488  487 A S     >  -     0   0   52     -2,-0.3     4,-2.0     1,-0.1     5,-0.2  -0.605  39.6-119.4 -89.2 153.7    9.9   73.9    7.3
  489  488 A R  H  > S+     0   0   95      1,-0.2     4,-2.6    -2,-0.2     5,-0.2   0.894 116.6  55.6 -55.6 -41.6   13.4   75.3    7.0
  490  489 A L  H  > S+     0   0  130      1,-0.2     4,-2.3     2,-0.2    -1,-0.2   0.925 104.9  51.2 -55.0 -50.3   12.9   76.9   10.4
  491  490 A Q  H  > S+     0   0   74      1,-0.2     4,-2.2     2,-0.2    -1,-0.2   0.881 110.6  49.6 -56.6 -42.6   12.0   73.5   11.9
  492  491 A A  H  X S+     0   0    1     -4,-2.0     4,-2.4     1,-0.2    -1,-0.2   0.920 111.5  46.9 -64.7 -44.7   15.1   72.0   10.5
  493  492 A E  H  X S+     0   0   59     -4,-2.6     4,-2.3     2,-0.2    -2,-0.2   0.859 110.8  52.7 -66.3 -37.1   17.5   74.7   11.7
  494  493 A A  H  X S+     0   0   57     -4,-2.3     4,-2.7    -5,-0.2    -1,-0.2   0.951 111.4  45.5 -64.4 -47.8   16.0   74.7   15.2
  495  494 A L  H  X S+     0   0    9     -4,-2.2     4,-3.6     2,-0.2     5,-0.4   0.911 110.6  53.1 -63.1 -43.8   16.4   71.0   15.6
  496  495 A L  H  X S+     0   0    1     -4,-2.4     4,-3.2     1,-0.2    -1,-0.2   0.964 112.9  46.3 -50.9 -52.3   20.0   71.1   14.2
  497  496 A L  H  X S+     0   0   71     -4,-2.3     4,-1.9     1,-0.2    -2,-0.2   0.911 114.5  45.8 -55.1 -51.8   20.7   73.8   16.8
  498  497 A E  H  X S+     0   0  116     -4,-2.7     4,-2.1     2,-0.2    -2,-0.2   0.926 116.7  43.1 -64.2 -46.0   19.0   71.9   19.6
  499  498 A V  H  X S+     0   0    1     -4,-3.6     4,-2.8     1,-0.2    -2,-0.2   0.941 110.4  57.8 -65.9 -43.8   20.6   68.6   18.9
  500  499 A S  H  X S+     0   0    6     -4,-3.2     4,-1.8    -5,-0.4    -1,-0.2   0.883 110.1  44.4 -47.4 -48.9   24.0   70.3   18.3
  501  500 A R  H  X S+     0   0   61     -4,-1.9     4,-2.2     2,-0.2    -1,-0.2   0.900 109.9  52.8 -67.7 -46.1   23.9   71.7   21.8
  502  501 A Y  H  X S+     0   0   69     -4,-2.1     4,-1.2     1,-0.2    -2,-0.2   0.928 109.9  52.1 -55.5 -43.2   22.8   68.5   23.5
  503  502 A A  H >X S+     0   0    0     -4,-2.8     4,-0.9     1,-0.2     3,-0.5   0.921 110.8  43.6 -59.5 -48.8   25.7   66.8   21.8
  504  503 A C  H 3X S+     0   0   32     -4,-1.8     4,-1.1     1,-0.2    -1,-0.2   0.825 106.2  63.2 -68.8 -32.1   28.4   69.2   22.9
  505  504 A D  H 3< S+     0   0   54     -4,-2.2    -1,-0.2     1,-0.2     3,-0.2   0.852  97.3  56.9 -62.8 -31.8   27.0   69.3   26.4
  506  505 A L  H X<>S+     0   0   24     -4,-1.2     3,-2.4    -3,-0.5     5,-1.6   0.850  96.7  62.9 -65.5 -36.4   27.7   65.6   26.8
  507  506 A A  H ><5S+     0   0   24     -4,-0.9     3,-1.9     1,-0.3    -1,-0.2   0.898  96.3  60.0 -53.5 -38.7   31.3   66.4   26.0
  508  507 A Q  T 3<5S+     0   0  178     -4,-1.1    -1,-0.3     1,-0.3    -2,-0.2   0.600 100.3  55.3 -65.5 -14.5   31.3   68.4   29.2
  509  508 A R  T < 5S-     0   0   83     -3,-2.4    -1,-0.3    -4,-0.2    -2,-0.2   0.296 132.4 -84.6-102.5   4.6   30.3   65.3   31.1
  510  509 A G  T < 5S+     0   0   35     -3,-1.9  -106,-2.2     1,-0.3     2,-0.3   0.388  79.8 142.3 108.1  -0.3   33.3   63.2   29.9
  511  510 A V  E   < +l  404   0F  14     -5,-1.6    -1,-0.3  -108,-0.2  -106,-0.2  -0.592  11.8 162.7 -75.3 132.9   32.1   61.9   26.5
  512  511 A T  E     +     0   0F  22   -108,-2.8     2,-0.4    -2,-0.3  -107,-0.2   0.460  61.0  49.8-125.1  -9.8   34.9   61.8   24.0
  513  512 A L  E     -l  405   0F   1   -109,-1.2  -107,-2.1    89,-0.1     2,-0.3  -0.992  65.0-166.4-138.2 124.7   33.5   59.5   21.3
  514  513 A F  E     -lo 406 604F   0     89,-2.0    91,-3.2    -2,-0.4     2,-0.3  -0.795   7.9-165.3-113.9 157.6   30.1   59.6   19.8
  515  514 A G  E     -lo 407 605F   0   -109,-1.7  -107,-2.7    -2,-0.3     2,-0.4  -0.959  14.7-150.7-134.2 141.3   28.2   57.1   17.7
  516  515 A V  E     +l  408   0F   0     89,-1.6     2,-0.3    -2,-0.3   149,-0.2  -0.918  24.0 149.2-121.0 144.9   25.2   58.2   15.7
  517  516 A G  E     -l  409   0F   0   -109,-2.1  -107,-2.3    -2,-0.4     2,-0.3  -0.963  22.7-141.0-159.9 177.7   22.1   56.2   14.8
  518  517 A E  E     -l  410   0F  14     -2,-0.3   143,-0.8  -109,-0.3     2,-0.3  -0.855   7.4-157.2-141.1 175.8   18.4   56.3   14.0
  519  518 A L  E     +l  411   0F  10   -109,-1.6  -107,-2.1    -2,-0.3     2,-0.2  -0.854  38.1 126.6-156.5 112.1   15.0   54.5   14.4
  520  519 A G    >   -     0   0    3     -2,-0.3     3,-2.3  -109,-0.2     4,-0.2  -0.586  52.6-122.5-176.1 110.6   12.2   55.2   11.9
  521  520 A M  T 3  S+     0   0   20    -95,-0.3  -107,-0.5     1,-0.3  -104,-0.2  -0.330 101.6  17.0 -58.0 137.5   10.0   53.0    9.8
  522  521 A A  T >  S+     0   0    9   -101,-0.1     3,-1.5  -109,-0.1    -1,-0.3   0.460  85.5 130.6  78.3   5.6   10.3   53.9    6.2
  523  522 A N  T <>  +     0   0   12     -3,-2.3     4,-1.7     1,-0.3     5,-0.1   0.701  55.4  71.9 -66.6 -18.1   13.4   56.0    6.7
  524  523 A T  H 3> S+     0   0   25      1,-0.2     4,-1.9    -4,-0.2    -1,-0.3   0.703  90.9  64.5 -69.9 -12.7   15.4   54.4    3.9
  525  524 A T  H <> S+     0   0    0     -3,-1.5     4,-2.3     2,-0.2    -1,-0.2   0.981 105.6  37.2 -72.4 -56.4   13.2   56.3    1.5
  526  525 A P  H  > S+     0   0    1      0, 0.0     4,-2.5     0, 0.0    -2,-0.2   0.857 114.6  59.7 -62.7 -32.9   14.2   59.9    2.5
  527  526 A A  H  X S+     0   0    0     -4,-1.7     4,-2.7     1,-0.2    -2,-0.2   0.944 108.0  44.7 -58.7 -48.7   17.8   58.5    2.9
  528  527 A A  H  X S+     0   0    0     -4,-1.9     4,-2.9     1,-0.2    -1,-0.2   0.899 110.6  52.8 -65.0 -40.8   17.8   57.5   -0.7
  529  528 A A  H  X S+     0   0    0     -4,-2.3     4,-2.2     2,-0.2    -1,-0.2   0.922 111.0  47.9 -62.6 -40.6   16.2   60.7   -1.9
  530  529 A M  H  X S+     0   0    0     -4,-2.5     4,-2.6    52,-0.3     5,-0.4   0.964 111.8  49.5 -62.2 -50.9   18.9   62.7   -0.2
  531  530 A V  H  X S+     0   0    0     -4,-2.7     4,-2.0     1,-0.2     6,-0.5   0.920 109.8  51.2 -53.7 -47.6   21.6   60.5   -1.6
  532  531 A S  H  X>S+     0   0   14     -4,-2.9     4,-2.2    -5,-0.2     5,-0.6   0.936 113.4  45.9 -55.5 -47.3   20.3   60.8   -5.0
  533  532 A V  H  <5S+     0   0   20     -4,-2.2    -2,-0.2    -5,-0.2    -1,-0.2   0.965 117.4  38.9 -62.2 -58.2   20.2   64.6   -4.7
  534  533 A F  H  <5S+     0   0   30     -4,-2.6    -1,-0.2     1,-0.2    -2,-0.2   0.807 126.4  37.7 -63.1 -33.2   23.6   65.3   -3.2
  535  534 A T  H  <5S-     0   0   18     -4,-2.0    -1,-0.2    -5,-0.4    -2,-0.2   0.706  99.7-130.2 -93.1 -26.9   25.3   62.7   -5.3
  536  535 A G  T  <5 +     0   0   66     -4,-2.2     2,-0.3    -5,-0.4    -3,-0.2   0.708  56.3 144.4  80.7  19.8   23.4   63.1   -8.6
  537  536 A S      < -     0   0   26     -5,-0.6    -1,-0.3    -6,-0.5    -2,-0.1  -0.657  56.4-106.0 -89.3 151.2   22.7   59.4   -8.9
  538  537 A D    >>  -     0   0   89     -2,-0.3     3,-0.8     1,-0.1     4,-0.6  -0.421  32.1-113.4 -69.2 151.9   19.4   58.3  -10.4
  539  538 A A  H >> S+     0   0    3      1,-0.3     4,-1.7     2,-0.2     3,-1.2   0.845 113.1  62.5 -54.4 -40.8   17.0   56.9   -7.8
  540  539 A K  H 34 S+     0   0   40      1,-0.3    -1,-0.3     2,-0.2     3,-0.2   0.891 101.2  52.4 -55.0 -40.2   17.2   53.4   -9.2
  541  540 A E  H <4 S+     0   0   42     -3,-0.8    -1,-0.3     1,-0.2    -2,-0.2   0.676 119.1  34.1 -71.2 -15.5   20.8   53.2   -8.4
  542  541 A V  H << S+     0   0    0     -3,-1.2    97,-0.6    -4,-0.6     2,-0.5   0.527  87.5 105.9-120.4  -6.9   20.4   54.2   -4.8
  543  542 A V     <  -     0   0    5     -4,-1.7     2,-0.1    -3,-0.2    15,-0.1  -0.716  51.1-173.2 -83.5 121.2   17.0   52.7   -3.8
  544  543 A G        -     0   0    3     -2,-0.5    93,-0.1   -20,-0.2    -2,-0.1  -0.409  39.2-102.7-107.1-178.1   17.4   49.7   -1.5
  545  544 A I     >  -     0   0   49      1,-0.2     4,-3.0    -2,-0.1    92,-0.1   0.620  50.3-174.7 -80.6 -13.7   15.4   46.9    0.1
  546  545 A G  T  4  +     0   0    8      1,-0.2     2,-2.6     2,-0.2    -1,-0.2  -0.175  67.6   1.7  53.1-140.8   15.5   48.6    3.5
  547  546 A A  T  4 S-     0   0   39      1,-0.2  -124,-0.2  -123,-0.0    -1,-0.2  -0.357 131.5 -59.4 -78.6  69.0   13.9   46.5    6.1
  548  547 A N  T  4 S-     0   0   60     -2,-2.6    -1,-0.2     1,-0.2    -2,-0.2   0.895  72.0-178.8  64.5  45.0   13.1   43.5    3.8
  549  548 A L     <  -     0   0   14     -4,-3.0    -1,-0.2     1,-0.1     5,-0.1  -0.612  36.8-106.3 -74.6 130.9   10.9   45.2    1.3
  550  549 A P    >   -     0   0   72      0, 0.0     3,-2.0     0, 0.0     4,-0.5  -0.283  22.9-121.4 -59.0 141.4    9.8   42.6   -1.2
  551  550 A P  G >  S+     0   0   87      0, 0.0     3,-0.8     0, 0.0     4,-0.5   0.780 111.7  61.5 -52.9 -31.0   11.5   43.0   -4.6
  552  551 A S  G 3  S+     0   0  111      1,-0.2     4,-0.3     2,-0.2     3,-0.2   0.761 102.1  51.3 -68.5 -26.6    8.1   43.4   -6.2
  553  552 A R  G <> S+     0   0   27     -3,-2.0     4,-1.5     1,-0.2    -1,-0.2   0.477  86.0  90.8 -90.2  -4.0    7.5   46.6   -4.2
  554  553 A I  H X> S+     0   0   36     -3,-0.8     4,-1.9    -4,-0.5     3,-0.9   0.959  78.9  56.7 -53.2 -58.8   10.8   48.1   -5.1
  555  554 A D  H 3> S+     0   0  129     -4,-0.5     4,-2.3     1,-0.3    -1,-0.2   0.817 104.4  53.1 -44.0 -43.3    9.6   49.9   -8.2
  556  555 A N  H 3> S+     0   0   66     -4,-0.3     4,-2.2    -3,-0.2    -1,-0.3   0.918 106.3  54.0 -64.2 -37.6    7.0   51.7   -6.2
  557  556 A K  H <X S+     0   0    1     -4,-1.5     4,-1.6    -3,-0.9    -2,-0.2   0.906 107.8  49.9 -62.6 -39.0    9.7   52.9   -3.8
  558  557 A V  H  X S+     0   0   10     -4,-1.9     4,-2.3     1,-0.2     3,-0.3   0.959 109.4  50.4 -65.9 -46.7   11.8   54.3   -6.7
  559  558 A D  H  X S+     0   0   40     -4,-2.3     4,-2.5     1,-0.2    -1,-0.2   0.896 107.4  55.0 -56.4 -42.0    8.8   56.2   -8.1
  560  559 A V  H  X S+     0   0    0     -4,-2.2     4,-2.2     1,-0.2    -1,-0.2   0.876 108.2  49.1 -60.3 -37.8    8.1   57.7   -4.7
  561  560 A V  H  X S+     0   0    0     -4,-1.6     4,-2.1    -3,-0.3    -2,-0.2   0.934 110.4  49.0 -68.5 -45.7   11.7   59.0   -4.5
  562  561 A R  H  X S+     0   0  118     -4,-2.3     4,-2.8     1,-0.2    -2,-0.2   0.900 111.8  50.9 -59.5 -39.5   11.6   60.6   -7.9
  563  562 A R  H  X S+     0   0   89     -4,-2.5     4,-3.1     2,-0.2     5,-0.3   0.907 106.5  53.5 -64.0 -43.6    8.3   62.2   -7.0
  564  563 A A  H  X S+     0   0    0     -4,-2.2     4,-2.0     1,-0.2     5,-0.2   0.915 114.8  41.8 -55.7 -46.7    9.7   63.6   -3.7
  565  564 A I  H  X S+     0   0   34     -4,-2.1     4,-2.9     2,-0.2    -2,-0.2   0.924 113.7  51.3 -68.4 -47.7   12.5   65.2   -5.6
  566  565 A A  H  < S+     0   0   62     -4,-2.8    -2,-0.2    -5,-0.2    -3,-0.2   0.944 116.1  41.1 -55.3 -49.8   10.3   66.4   -8.5
  567  566 A I  H  < S+     0   0   93     -4,-3.1    -1,-0.2     1,-0.2    -2,-0.2   0.884 121.8  38.5 -68.5 -41.9    7.8   68.0   -6.3
  568  567 A N  H  < S-     0   0   12     -4,-2.0    -2,-0.2    -5,-0.3    -1,-0.2   0.775  81.2-155.5 -84.6 -28.8   10.2   69.6   -3.8
  569  568 A Q     <  -     0   0  131     -4,-2.9    -3,-0.1    -5,-0.2    -4,-0.1   0.954  20.5-159.2  52.5  51.4   13.0   70.6   -6.1
  570  569 A P        -     0   0   11      0, 0.0    -1,-0.1     0, 0.0     8,-0.1  -0.379  16.4-119.6 -65.2 143.3   15.6   70.5   -3.3
  571  570 A N    >   -     0   0   77      3,-0.2     3,-2.7     1,-0.2     7,-0.4  -0.753  17.2-159.6 -90.4 107.8   18.7   72.5   -3.8
  572  571 A P  T 3  S+     0   0   63      0, 0.0    -1,-0.2     0, 0.0     3,-0.1   0.685  91.5  60.2 -56.5 -23.2   21.7   70.1   -3.7
  573  572 A R  T 3  S+     0   0   72      1,-0.2     2,-0.5    -3,-0.0    -2,-0.1   0.486  99.6  62.1 -87.2   0.8   24.0   73.0   -3.0
  574  573 A D    <>  -     0   0   43     -3,-2.7     4,-1.9     1,-0.1     3,-0.5  -0.873  63.5-169.2-129.4  99.3   22.1   73.8    0.2
  575  574 A G  H  > S+     0   0    2     -2,-0.5     4,-2.4     1,-0.2     5,-0.2   0.792  89.0  52.1 -57.1 -35.9   22.1   70.9    2.8
  576  575 A I  H  > S+     0   0   11      2,-0.2     4,-2.3     1,-0.2    -1,-0.2   0.871 109.0  52.2 -70.0 -33.5   19.5   72.5    5.0
  577  576 A D  H  > S+     0   0   25     -3,-0.5     4,-1.7    -6,-0.2     5,-0.2   0.905 111.5  45.4 -65.9 -44.8   17.2   72.8    2.0
  578  577 A V  H  X S+     0   0    0     -4,-1.9     4,-2.2    -7,-0.4     5,-0.5   0.931 113.5  49.3 -66.0 -47.4   17.6   69.2    1.1
  579  578 A L  H  X S+     0   0    1     -4,-2.4     4,-1.2     1,-0.2    -2,-0.2   0.899 112.8  46.5 -58.3 -47.0   17.2   68.0    4.6
  580  579 A S  H  < S+     0   0    5     -4,-2.3   -93,-2.0    -5,-0.2   -94,-0.7   0.837 119.5  40.2 -69.2 -30.2   14.0   70.0    5.2
  581  580 A K  H  < S+     0   0   47     -4,-1.7   -95,-1.5   -96,-0.2    -2,-0.2   0.972 136.0   7.4 -82.0 -62.3   12.4   69.0    1.9
  582  581 A V  H  < S+     0   0    0     -4,-2.2   -52,-0.3    -5,-0.2   -53,-0.2   0.250 115.4  78.8-110.0  11.6   13.2   65.4    1.4
  583  582 A G     <  -     0   0    0     -4,-1.2     2,-0.3    -5,-0.5  -102,-0.1   0.253  68.4-132.5 -91.4-142.1   14.8   64.5    4.7
  584  583 A G     >  -     0   0    0    -58,-0.1     4,-2.1  -170,-0.1     5,-0.1  -0.942  30.7 -93.2-166.6 170.9   13.1   63.7    8.1
  585  584 A F  H  > S+     0   0    4   -172,-0.3     4,-2.3    -2,-0.3     5,-0.1   0.799 125.3  50.7 -66.1 -35.0   13.5   64.7   11.7
  586  585 A D  H  > S+     0   0    0      2,-0.2     4,-2.2     1,-0.2    -1,-0.2   0.929 109.5  50.2 -69.2 -40.0   15.7   61.7   12.4
  587  586 A L  H  > S+     0   0    0      1,-0.2     4,-2.0     2,-0.2    -2,-0.2   0.913 112.1  49.0 -60.1 -45.6   17.9   62.6    9.4
  588  587 A V  H  X S+     0   0    0     -4,-2.1     4,-2.3     1,-0.2    -1,-0.2   0.952 108.9  51.9 -59.9 -48.9   18.1   66.2   10.8
  589  588 A G  H  X S+     0   0    0     -4,-2.3     4,-1.4     1,-0.2    -2,-0.2   0.884 109.0  50.0 -54.3 -46.2   19.0   65.0   14.3
  590  589 A M  H  X S+     0   0    0     -4,-2.2     4,-1.9     2,-0.2    -1,-0.2   0.903 110.1  50.3 -59.4 -45.5   21.9   62.8   13.1
  591  590 A T  H  X S+     0   0    0     -4,-2.0     4,-2.1     1,-0.2    -2,-0.2   0.921 109.6  52.6 -58.9 -43.1   23.3   65.7   11.0
  592  591 A G  H  X S+     0   0    0     -4,-2.3     4,-2.0     2,-0.2    -1,-0.2   0.761 104.2  54.9 -65.3 -29.3   23.0   67.8   14.2
  593  592 A V  H  X S+     0   0    0     -4,-1.4     4,-2.6    -3,-0.2     5,-0.2   0.930 108.9  49.4 -69.0 -42.6   25.0   65.3   16.2
  594  593 A M  H  X S+     0   0    0     -4,-1.9     4,-2.2     1,-0.2    -2,-0.2   0.908 111.8  47.1 -59.5 -45.3   27.7   65.5   13.6
  595  594 A L  H  X S+     0   0    0     -4,-2.1     4,-2.2     1,-0.2    -1,-0.2   0.883 112.7  50.1 -66.7 -39.4   27.7   69.3   13.8
  596  595 A G  H  X S+     0   0    1     -4,-2.0     4,-1.6     2,-0.2    -2,-0.2   0.873 110.5  47.6 -67.2 -41.2   27.8   69.3   17.5
  597  596 A A  H  <>S+     0   0    0     -4,-2.6     5,-3.1     2,-0.2    -2,-0.2   0.904 112.2  51.5 -68.7 -37.4   30.7   66.8   17.8
  598  597 A A  H ><5S+     0   0    0     -4,-2.2     3,-1.9    -5,-0.2    -2,-0.2   0.946 108.2  49.7 -63.4 -46.4   32.6   68.8   15.3
  599  598 A R  H 3<5S+     0   0   88     -4,-2.2    -1,-0.2     1,-0.3    -2,-0.2   0.858 111.7  49.3 -58.2 -37.9   32.1   72.1   17.1
  600  599 A C  T 3<5S-     0   0   33     -4,-1.6    -1,-0.3    -5,-0.2    -2,-0.2   0.450 116.2-120.8 -81.7   0.6   33.3   70.3   20.2
  601  600 A G  T < 5 +     0   0    0     -3,-1.9  -206,-2.1     1,-0.2  -205,-0.4   0.875  67.9 133.8  63.0  37.2   36.3   69.0   18.3
  602  601 A L      < -     0   0    6     -5,-3.1    -1,-0.2  -207,-0.1     2,-0.2  -0.864  57.1-103.5-121.6 156.1   35.4   65.4   18.9
  603  602 A P        -     0   0    3      0, 0.0   -89,-2.0     0, 0.0     2,-0.4  -0.488  26.5-161.1 -80.4 146.4   35.1   62.3   16.8
  604  603 A V  E     -op 514 629F   0     24,-2.4    26,-2.4   -91,-0.2     2,-0.6  -0.992  10.0-144.1-128.0 126.8   31.9   60.8   15.6
  605  604 A L  E     -op 515 630F   0    -91,-3.2   -89,-1.6    -2,-0.4    60,-0.1  -0.771  18.1-142.0 -90.8 129.0   31.4   57.2   14.4
  606  605 A L        -     0   0    0     24,-2.9    27,-0.1    -2,-0.6   -89,-0.1  -0.269   9.0-157.1 -75.8 172.3   29.0   56.8   11.5
  607  606 A D        -     0   0    2      1,-0.4    26,-0.7    25,-0.1    25,-0.5   0.368  42.5 -54.3-113.4-110.0   26.6   53.8   11.3
  608  607 A G  S >> S-     0   0    7     26,-0.1     4,-2.3    24,-0.1     3,-0.6  -0.184  82.7 -36.1-116.3-149.9   25.1   52.7    7.9
  609  608 A F  H 3> S+     0   0    6      1,-0.3     4,-1.9     2,-0.2     5,-0.1   0.808 130.2  50.1 -44.9 -53.5   23.1   54.1    4.9
  610  609 A L  H 3> S+     0   0   11      1,-0.2     4,-1.7     2,-0.2    -1,-0.3   0.930 113.4  48.2 -55.9 -44.7   20.9   56.5    6.8
  611  610 A S  H <> S+     0   0    1     -3,-0.6     4,-2.5     1,-0.2    -2,-0.2   0.883 105.5  57.4 -66.0 -36.2   24.0   57.9    8.6
  612  611 A Y  H  X S+     0   0    1     -4,-2.3     4,-2.1     2,-0.2    -1,-0.2   0.916 105.5  51.4 -58.5 -42.4   25.8   58.3    5.3
  613  612 A S  H  X S+     0   0    0     -4,-1.9     4,-1.9     1,-0.2    -2,-0.2   0.886 111.4  47.4 -57.9 -45.9   22.8   60.5    4.0
  614  613 A A  H  X S+     0   0    0     -4,-1.7     4,-2.6     1,-0.2    -1,-0.2   0.845 110.2  53.3 -62.2 -40.6   23.1   62.6    7.1
  615  614 A A  H  X S+     0   0    0     -4,-2.5     4,-2.3     2,-0.2     5,-0.2   0.885 105.0  53.5 -68.2 -36.9   26.9   62.8    6.7
  616  615 A L  H  X S+     0   0   15     -4,-2.1     4,-1.3     1,-0.2    -1,-0.2   0.946 111.2  47.3 -60.6 -44.9   26.5   64.1    3.1
  617  616 A A  H  X S+     0   0    0     -4,-1.9     4,-2.2     2,-0.2     3,-0.4   0.944 110.8  51.3 -61.4 -47.6   24.2   66.8    4.4
  618  617 A A  H  X S+     0   0    0     -4,-2.6     4,-3.2     1,-0.3     7,-0.2   0.919 110.6  46.9 -55.8 -49.4   26.6   67.8    7.2
  619  618 A C  H  < S+     0   0   30     -4,-2.3    -1,-0.3     1,-0.2    -2,-0.2   0.759 111.3  53.5 -65.1 -25.5   29.6   68.1    5.0
  620  619 A Q  H  < S+     0   0   87     -4,-1.3    -1,-0.2    -3,-0.4    -2,-0.2   0.857 113.3  42.0 -77.3 -36.4   27.5   70.1    2.6
  621  620 A I  H  < S+     0   0   35     -4,-2.2    -2,-0.2     1,-0.3    -3,-0.2   0.862 137.7   7.2 -76.4 -38.9   26.5   72.4    5.3
  622  621 A A    ><  -     0   0    8     -4,-3.2     3,-2.1    -5,-0.2    -1,-0.3  -0.805  56.1-167.9-150.7 102.7   30.0   72.6    6.8
  623  622 A P  G >  S+     0   0   99      0, 0.0     3,-2.0     0, 0.0    -4,-0.1   0.800  86.2  75.9 -61.1 -25.3   33.0   71.0    5.1
  624  623 A A  G 3  S+     0   0   46      1,-0.3     4,-0.1     2,-0.1    -5,-0.1   0.547  83.2  69.7 -60.4  -9.9   34.9   71.5    8.4
  625  624 A V  G X  S+     0   0    0     -3,-2.1     3,-1.9    -7,-0.2     4,-0.5   0.775  76.9  82.0 -78.9 -28.5   32.9   68.6    9.7
  626  625 A R  G X  S+     0   0   74     -3,-2.0     3,-1.5     1,-0.3    -1,-0.2   0.823  82.3  56.7 -47.3 -49.6   34.7   66.0    7.5
  627  626 A P  G 3  S+     0   0   47      0, 0.0    -1,-0.3     0, 0.0    -2,-0.1   0.614 103.0  56.7 -64.6 -14.0   37.8   65.4    9.6
  628  627 A Y  G <  S+     0   0    1     -3,-1.9   -24,-2.4    -4,-0.1     2,-0.3   0.593  87.4  97.5 -92.4 -10.8   35.8   64.5   12.7
  629  628 A L  E <   -p  604   0F   0     -3,-1.5   -24,-0.2    -4,-0.5   -35,-0.0  -0.609  49.8-173.4 -83.9 139.3   33.8   61.7   10.9
  630  629 A I  E     -p  605   0F   0    -26,-2.4   -24,-2.9    -2,-0.3    19,-0.0  -0.998  19.1-134.5-133.0 122.8   34.9   58.0   11.2
  631  630 A P        -     0   0   10      0, 0.0     3,-0.1     0, 0.0    21,-0.1  -0.339  18.3-174.1 -72.5 161.8   33.2   55.3    9.2
  632  631 A S        -     0   0    1    -25,-0.5    21,-2.2     1,-0.5    20,-1.4   0.600  54.9  -7.4-116.2 -78.6   32.2   52.0   10.9
  633  632 A H  B     -j  653   0D   5    -26,-0.7     2,-0.9    19,-0.2    -1,-0.5  -0.724  64.3-105.3-124.1 170.3   30.9   49.4    8.6
  634  633 A F        -     0   0   65     19,-2.5    22,-0.5    -2,-0.2    23,-0.3  -0.835  42.5-133.8 -99.4 100.9   29.9   48.9    5.1
  635  634 A S        -     0   0    8     -2,-0.9    23,-0.2   -28,-0.2     5,-0.1  -0.215   6.3-134.5 -56.8 141.3   26.1   48.8    4.9
  636  635 A A  S    S+     0   0   50     21,-2.3     2,-0.2  -604,-0.1    22,-0.1   0.400  70.0 119.3 -76.6   3.7   24.3   46.1    2.9
  637  636 A E  S >  S-     0   0   15     20,-0.3     3,-2.2     1,-0.1     4,-0.3  -0.494  73.6-123.4 -74.3 135.7   22.0   48.8    1.5
  638  637 A K  T >  S+     0   0  132      1,-0.3     3,-0.5    -2,-0.2     4,-0.3   0.843 108.8  50.5 -44.9 -47.9   22.2   49.1   -2.3
  639  638 A G  T 3> S+     0   0    0    -97,-0.6     4,-2.2     1,-0.2    -1,-0.3   0.408  82.7 100.6 -76.8   3.3   23.1   52.9   -2.3
  640  639 A A  H <> S+     0   0    1     -3,-2.2     4,-2.3     1,-0.2     5,-0.2   0.929  78.4  49.0 -54.8 -52.2   25.9   52.3    0.2
  641  640 A R  H <> S+     0   0   58     -3,-0.5     4,-1.7    -4,-0.3    -1,-0.2   0.903 112.5  48.3 -57.3 -42.7   28.9   52.3   -2.3
  642  641 A I  H  > S+     0   0   43     -4,-0.3     4,-1.8     1,-0.2    -1,-0.2   0.940 112.1  48.3 -63.1 -49.0   27.7   55.5   -4.0
  643  642 A A  H  X S+     0   0    0     -4,-2.2     4,-0.9     1,-0.2    -1,-0.2   0.877 112.6  48.3 -59.8 -40.0   27.2   57.4   -0.7
  644  643 A L  H  <>S+     0   0    4     -4,-2.3     5,-2.7    -5,-0.2     4,-0.4   0.817 107.0  56.4 -72.7 -29.9   30.6   56.3    0.6
  645  644 A A  H ><5S+     0   0   62     -4,-1.7     3,-1.1    -5,-0.2    -1,-0.2   0.929 105.4  50.5 -68.3 -41.6   32.4   57.3   -2.5
  646  645 A H  H 3<5S+     0   0  102     -4,-1.8    -1,-0.2     1,-0.3    -2,-0.2   0.770 112.9  46.3 -68.1 -22.5   31.1   60.8   -2.3
  647  646 A L  T 3<5S-     0   0   11     -4,-0.9    -1,-0.3    -5,-0.2    -2,-0.2   0.465 107.8-130.0 -92.6  -5.3   32.3   60.9    1.3
  648  647 A S  T < 5 +     0   0  104     -3,-1.1     2,-0.4    -4,-0.4    -3,-0.2   0.899  59.3 144.6  56.0  43.3   35.6   59.5    0.2
  649  648 A M      < -     0   0   18     -5,-2.7    -1,-0.2    -6,-0.1    -2,-0.1  -0.926  40.7-165.1-119.9 145.3   35.3   56.9    3.0
  650  649 A E        -     0   0   58     -2,-0.4   -16,-0.1    -3,-0.1  -343,-0.0  -0.940  24.8-137.2-124.5 104.6   36.3   53.3    3.3
  651  650 A P        -     0   0    5      0, 0.0   -18,-0.2     0, 0.0   -19,-0.1  -0.127   3.9-138.2 -61.0 162.7   34.7   51.5    6.3
  652  651 A Y  S    S+     0   0    8    -20,-1.4  -345,-2.6     1,-0.1     2,-0.4   0.787  81.7  60.5 -87.5 -34.3   36.6   49.2    8.6
  653  652 A L  B     -Ij 306 633D   1    -21,-2.2   -19,-2.5  -347,-0.2     2,-0.6  -0.870  53.7-169.1-106.3 133.4   34.0   46.5    8.9
  654  653 A H        +     0   0   56   -349,-2.6   -19,-0.1    -2,-0.4   -21,-0.1  -0.861  37.0 136.3-113.9  87.4   32.4   44.3    6.2
  655  654 A M        -     0   0    0     -2,-0.6  -620,-2.7   -21,-0.3  -619,-0.5   0.388  64.1-124.1-115.8   1.7   29.5   42.6    8.1
  656  655 A A        +     0   0   42    -22,-0.5  -622,-0.2  -622,-0.2     2,-0.2   0.851  53.8 165.9  55.9  38.4   26.6   42.9    5.6
  657  656 A M        +     0   0    0    -23,-0.3   -21,-2.3  -624,-0.2   -20,-0.3  -0.553  24.0 162.0 -87.9 149.5   24.7   44.7    8.3
  658  657 A R        +     0   0   76   -626,-3.0  -625,-0.2    -2,-0.2    -1,-0.1  -0.041  43.4 105.0-155.3  37.0   21.5   46.6    7.7
  659  658 A L        -     0   0   24   -627,-0.3     2,-0.2     1,-0.2  -626,-0.1   0.842  56.6-166.6 -88.2 -38.4   19.8   46.9   11.0
  660  659 A G    >   +     0   0   16   -628,-0.2     3,-1.9     1,-0.1    -1,-0.2  -0.571  46.9 118.8  83.7-151.2   20.5   50.6   11.7
  661  660 A E  T 3  S-     0   0    7   -143,-0.8  -144,-0.1     1,-0.3    -1,-0.1   0.388 107.7 -74.8  73.2  -7.7   20.0   52.0   15.3
  662  661 A G  T 3> S+     0   0    0   -146,-0.1     4,-1.9  -145,-0.0    -1,-0.3   0.604  97.0 135.2  92.5  11.4   23.6   52.8   15.4
  663  662 A S  H <> S+     0   0    1     -3,-1.9     4,-1.6     1,-0.2    -2,-0.1   0.863  72.6  50.6 -61.5 -35.4   24.5   49.1   15.9
  664  663 A G  H  > S+     0   0    0      2,-0.2     4,-1.3     1,-0.2    -1,-0.2   0.916 106.9  53.7 -68.5 -43.4   27.4   49.4   13.4
  665  664 A A  H  > S+     0   0    0   -149,-0.2     4,-0.6     1,-0.2     3,-0.3   0.906 109.9  48.1 -58.5 -41.1   28.7   52.5   15.1
  666  665 A A  H >< S+     0   0    0     -4,-1.9     3,-0.7     1,-0.2    -1,-0.2   0.866 105.7  57.4 -68.2 -38.1   28.9   50.6   18.4
  667  666 A L  H 3< S+     0   0   15     -4,-1.6    -1,-0.2     1,-0.2     4,-0.2   0.793 106.4  50.5 -64.1 -27.8   30.6   47.6   16.9
  668  667 A A  H >X S+     0   0    0     -4,-1.3     4,-1.4    -3,-0.3     3,-1.2   0.605  83.2  91.8 -86.9 -12.8   33.4   49.8   15.7
  669  668 A M  H <X S+     0   0    0     -3,-0.7     4,-2.1    -4,-0.6     3,-0.3   0.903  81.8  55.6 -51.9 -41.7   34.1   51.4   19.0
  670  669 A P  H 3> S+     0   0   35      0, 0.0     4,-2.2     0, 0.0    -1,-0.3   0.806 100.4  59.5 -64.7 -25.9   36.7   48.8   20.0
  671  670 A I  H <> S+     0   0   10     -3,-1.2     4,-2.1     2,-0.2    -2,-0.2   0.921 105.2  49.6 -66.4 -39.5   38.6   49.6   16.9
  672  671 A V  H  X S+     0   0    1     -4,-1.4     4,-1.4    -3,-0.3    -1,-0.2   0.949 111.5  47.5 -64.6 -45.1   39.0   53.1   18.1
  673  672 A E  H  X S+     0   0   43     -4,-2.1     4,-2.4     1,-0.2    -1,-0.2   0.867 108.0  57.5 -64.5 -32.4   40.1   52.0   21.5
  674  673 A A  H  X S+     0   0    3     -4,-2.2     4,-2.6     1,-0.2    -1,-0.2   0.922 102.8  52.9 -63.6 -40.9   42.5   49.7   19.8
  675  674 A A  H  X S+     0   0    0     -4,-2.1     4,-1.8     1,-0.2    -1,-0.2   0.858 111.0  48.3 -62.0 -33.4   44.2   52.5   17.9
  676  675 A C  H  X S+     0   0   11     -4,-1.4     4,-2.5     2,-0.2    -1,-0.2   0.914 109.9  49.8 -72.9 -44.2   44.6   54.3   21.2
  677  676 A A  H  X S+     0   0    6     -4,-2.4     4,-3.1     2,-0.2     5,-0.5   0.890 109.0  54.1 -59.9 -40.6   46.1   51.3   23.0
  678  677 A M  H  X S+     0   0    0     -4,-2.6     4,-1.7    -5,-0.2    -2,-0.2   0.982 110.7  45.6 -58.1 -53.3   48.5   50.8   20.2
  679  678 A F  H  < S+     0   0   20     -4,-1.8    -2,-0.2     1,-0.2    -1,-0.2   0.878 122.7  34.1 -55.2 -49.1   49.7   54.3   20.5
  680  679 A H  H  < S+     0   0   92     -4,-2.5    -1,-0.2     1,-0.1    -2,-0.2   0.807 123.0  35.8 -83.5 -35.4   50.1   54.3   24.2
  681  680 A N  H  < S+     0   0   93     -4,-3.1    -3,-0.2    -5,-0.2    -2,-0.2   0.614  84.5  98.8-102.9 -11.9   51.1   50.9   25.2
  682  681 A M     <  -     0   0   10     -4,-1.7  -588,-0.2    -5,-0.5  -589,-0.1  -0.498  68.8-125.6 -72.2 149.1   53.4   49.5   22.5
  683  682 A G        -     0   0   16   -590,-2.1  -309,-2.4    -2,-0.1     2,-0.3  -0.150  29.1-100.7 -80.6-177.8   57.2   49.7   23.3
  684  683 A E  B >>  -K  373   0E  87   -311,-0.3     4,-0.8     1,-0.1     3,-0.6  -0.843   7.7-130.3-116.0 150.1   59.8   51.3   21.0
  685  684 A L  H >>>S+     0   0   26   -313,-2.4     5,-2.5    -2,-0.3     3,-1.4   0.911 108.2  57.1 -53.8 -48.8   62.3   50.1   18.5
  686  685 A A  H >45S+     0   0   76   -314,-0.4     3,-0.8     1,-0.3    -1,-0.3   0.822 101.7  55.0 -55.3 -35.6   65.1   52.2   20.0
  687  686 A A  H <45S+     0   0   80     -3,-0.6    -1,-0.3     1,-0.2    -2,-0.2   0.701 110.1  46.8 -73.2 -19.1   64.6   50.6   23.4
  688  687 A S  H <<5S-     0   0   23     -3,-1.4    -1,-0.2    -4,-0.8    -2,-0.2   0.389 112.7-121.8 -99.2  -0.5   65.1   47.2   21.8
  689  688 A N  T <<5 +     0   0  140     -3,-0.8     2,-0.6    -4,-0.5    -3,-0.2   0.793  58.3 156.9  63.3  29.4   68.1   48.5   20.0
  690  689 A I      < -     0   0   15     -5,-2.5     2,-0.5    -6,-0.2    -1,-0.3  -0.755  23.6-167.1 -91.1 127.0   66.4   47.5   16.8
  691  690 A V        -     0   0  113     -2,-0.6    -5,-0.0    -3,-0.1    -1,-0.0  -0.929   4.0-173.8-117.7 121.1   67.6   49.3   13.7
  692  691 A L              0   0   51     -2,-0.5  -615,-0.1  -615,-0.1    -2,-0.0  -0.843 360.0 360.0-112.5 147.8   65.8   49.2   10.4
  693  692 A P              0   0  131      0, 0.0    -1,-0.1     0, 0.0  -617,-0.0  -0.244 360.0 360.0 -51.1 360.0   66.9   50.7    7.1
